geometry,address,lon,lat,found_address
POINT (-8.480119969919372 51.89882001927998),"42 Grattan Street, Cork",-8.480119969919372,51.89882001927998,"Middle Parish Community Centre, Grattan Street, The Marsh, Centre B ED, Cork, County Cork, Munster, T12 RY7Y, Éire / Ireland"
POINT (-8.478079982324545 51.902480019211055),"1 Old Friary Place, Cork",-8.478079982324545,51.902480019211055,"1, Old Friary Place, Shandon B, Cork, County Cork, Munster, T23 KHA8, Éire / Ireland"
POINT (-8.480100020989823 51.91443001474926),"179 Kilnap Place, Farranree, Cork",-8.480100020989823,51.91443001474926,"Kilnap Place, Farranree, Farranferris B, Cork, County Cork, Munster, T23 R966, Éire / Ireland"
POINT (-8.399309999999957 51.92694000000006),"Glanmire, Cork",-8.399309999999957,51.92694000000006,"Barnavarna Road, Rathcooney, Cork, County Cork, Munster, T45 HX28, Éire / Ireland"
POINT (-8.392839966524775 51.93509999752749),"14 Crestfield Mews, Riverstown, Cork",-8.392839966524775,51.93509999752749,"Crestfield Mews, Riverstown, Cork, County Cork, Munster, T45 DH05, Éire / Ireland"
POINT (-8.37762999738456 51.929589985837026),"36 Copper Valley Vue, Brooklodge (Glanmire), Cork",-8.37762999738456,51.929589985837026,"Copper Valley Vue, Caherlag ED, Cork, County Cork, Munster, T45 Y921, Éire / Ireland"
POINT (-8.530130008482445 51.87798000959586),"Clogheen, Rossa Avenue, Cork",-8.530130008482445,51.87798000959586,"Centra, Curraheen Road, Bishopstown ED B, Cork, County Cork, Munster, T12 NX67, Éire / Ireland"
POINT (-8.476739967463885 51.89349000896024),"33 Prosperity Square, Cork",-8.476739967463885,51.89349000896024,"21, Reeds Square, South Gate B, Cork, County Cork, Munster, T12 A0T3, Éire / Ireland"
POINT (-8.512460034579249 51.887300015374706),"4 Avondale, Cork",-8.512460034579249,51.887300015374706,"Bishopstown ED C, Cork, County Cork, Munster, T12 R2NC, Éire / Ireland"
POINT (-8.470680019106112 51.905509993389956),"97 Rathmore Place, Cork",-8.470680019106112,51.905509993389956,"Rathmore Place, Blackpool ED B, Cork, County Cork, Munster, T23 YE35, Éire / Ireland"
POINT (-8.48750995867303 51.93578999579688),"Pinegrove, Carhoo, Lisduff (Whitechurch), Cork",-8.48750995867303,51.93578999579688,"Killendaniel, Rathpeacon, Whitechurch, Cork, County Cork, Munster, T23 WY83, Éire / Ireland"
POINT (-8.599855303981068 51.925415498105835),"5 The Grove, Gleann na Ri, Cork",-8.599855303981068,51.925415498105835,"Gleann na Rí Grove, Tower, Blarney ED, Cork, County Cork, Munster, T23 PW56, Éire / Ireland"
POINT (-8.412420008523583 51.89354998147746),"2 The Well, Blackrock, Cork",-8.412420008523583,51.89354998147746,"Blackrock Grove, Blackrock, Mahon A, Cork, County Cork, Munster, T12 R5Y8, Éire / Ireland"
POINT (-8.487970041338343 51.90460001207171),"18 St Endas Road, Gurranebraher, Cork",-8.487970041338343,51.90460001207171,"Saint Enda's Road, Gurranabraher E, Cork, County Cork, Munster, T23 W08N, Éire / Ireland"
POINT (-8.476169998047965 51.89418998169441),"32 Evergreen Buildings, Cork",-8.476169998047965,51.89418998169441,"Evergreen Buildings, South Gate B, Cork, County Cork, Munster, T12 Y720, Éire / Ireland"
POINT (-8.496399972818978 51.88704000873818),"Saint Clare's, Glasheen Road, Cork",-8.496399972818978,51.88704000873818,"Glasheen Dental Care, Glasheen Road, Glasheen B, Cork, County Cork, Munster, T12 HT97, Éire / Ireland"
POINT (-8.49993001134132 51.873660018608746),"20 Westbury Grove, Cork",-8.49993001134132,51.873660018608746,"Westbury Grove, Inishkenny, Cork, County Cork, Munster, T12 C8VW, Éire / Ireland"
POINT (-8.460229965141139 51.9059899830753),"1 Mount Vernon Terrace, Cork",-8.460229965141139,51.9059899830753,"Victoria Terrace, St. Patrick's C, Cork, County Cork, Munster, T23 T292, Éire / Ireland"
POINT (-8.440650006961391 51.87957001471872),"Summerville, 23 Reeves Wood, Cork",-8.440650006961391,51.87957001471872,"Reeves Wood, Tramore C, Cork, County Cork, Munster, T12 K702, Éire / Ireland"
POINT (-8.531489972272652 51.87947001861383),"62 Uam Var Avenue, Cork",-8.531489972272652,51.87947001861383,"L99461, Bishopstown ED B, Cork, County Cork, Munster, T12 HP29, Éire / Ireland"
POINT (-8.613089978980412 51.92393999636357),"Aine, Model Village, Model Village (Tower), Cork",-8.613089978980412,51.92393999636357,"Tower Hall, Model Village, Tower, Matehy, Cork, County Cork, Munster, T23 YX51, Éire / Ireland"
POINT (-8.453329982447116 51.879210011977335),"62 Greenhills Court, Cork",-8.453329982447116,51.879210011977335,"Greenhills Court, Tramore C, Cork, County Cork, Munster, T12 WV83, Éire / Ireland"
POINT (-8.49255997151721 51.909939996856224),"58 Churchfield Avenue, Cork",-8.49255997151721,51.909939996856224,"Churchfield Avenue, Churchfield ED, Cork, County Cork, Munster, T23 W08N, Éire / Ireland"
POINT (-8.475259974820204 51.90777000594315),"10 O'Connell Street, Cork",-8.475259974820204,51.90777000594315,"4, O'Connell Street, Farranferris A, Cork, County Cork, Munster, T23 V38R, Éire / Ireland"
POINT (-8.470030002514847 51.90977998632462),"10 The Close, Cork",-8.470030002514847,51.90977998632462,"10, Ard Patrick Close, Blackpool ED B, Cork, County Cork, Munster, T23 FX5R, Éire / Ireland"
POINT (-8.485469971078203 51.90829001921614),"25 Inniscarra Road, Cork",-8.485469971078203,51.90829001921614,"Inniscara Road, Churchfield, Fair Hill A, Cork, County Cork, Munster, T23 W08N, Éire / Ireland"
POINT (-8.475229967606822 51.908570016691726),"37 Great William O'Brien Street, Cork",-8.475229967606822,51.908570016691726,"33, Great William O'Brien Street, Farranferris A, Cork, County Cork, Munster, T23 XH61, Éire / Ireland"
POINT (-8.548020007343979 51.892240015739674),"Lizlee, Model Farm Road, Carrigrohane, Cork",-8.548020007343979,51.892240015739674,"Model Farm Road, Ballincollig ED, Cork, County Cork, Munster, T12 WT4A, Éire / Ireland"
POINT (-8.454110002356629 51.88282998832074),"27 Loreto Park, Cork",-8.454110002356629,51.88282998832074,"Loreto Park, Tramore B, Cork, County Cork, Munster, T12 WV83, Éire / Ireland"
POINT (-8.481849994734802 51.901489990717494),"4 Rock Cottages, Cork",-8.481849994734802,51.901489990717494,"Sunday's Well B, Cork, County Cork, Munster, T23 RHW2, Éire / Ireland"
POINT (-8.604170041440142 51.92283999730034),"1 Coolflugh, Tower, Cork",-8.604170041440142,51.92283999730034,"Muskerry Golf Course, Blarney Road, Carrigrohane Beg ED, Cork, County Cork, Munster, T23 W968, Éire / Ireland"
POINT (-8.471549976836684 51.89177000051913),"98 Evergreen Road, Cork",-8.471549976836684,51.89177000051913,"The Dilly Dally Inn, Quaker Road, Evergreen, Cork, County Cork, Munster, T12 V582, Éire / Ireland"
POINT (-8.442569965702745 51.883499995751066),"36 Endsleigh Estate, Cork",-8.442569965702745,51.883499995751066,"Endsleigh Estate, Browningstown ED, Cork, County Cork, Munster, T12 K702, Éire / Ireland"
POINT (-8.514730021597217 51.886680005996794),"12 Bishopstown Avenue, Cork",-8.514730021597217,51.886680005996794,"Bishopstown Avenue West, Bishopstown ED C, Cork, County Cork, Munster, T12 Y9KT, Éire / Ireland"
POINT (-8.48994004004166 51.90127000766864),"4 Wyses Cottages, Cork",-8.48994004004166,51.90127000766864,"281, Blarney Street, Gurranabraher B, Cork, County Cork, Munster, T23 HF50, Éire / Ireland"
POINT (-8.4792500121888 51.90091997939206),"Northgate House, APARTMENT 101 Kyrls Quay, Cork",-8.4792500121888,51.90091997939206,"Supermac's, North Main Street, The Marsh, Centre B ED, Cork, County Cork, Munster, T12 AKA6, Éire / Ireland"
POINT (-8.552899740007419 51.85744222791267),"35 Heatherfield Close, Waterfall, Cork",-8.552899740007419,51.85744222791267,"Heatherfield, Inishkenny, Municipal District of Carrigaline, County Cork, Munster, T12 CYF2, Éire / Ireland"
POINT (-8.484579980599023 51.88840998890271),"2 Westbourne Terrace, Cork",-8.484579980599023,51.88840998890271,"Lough Rd (Opposite Cork Lough Park), Lough Road, The Lough, Cork, County Cork, Munster, T12 KPN3, Éire / Ireland"
POINT (-8.50134001509349 51.90212999093444),"11 Monastery Avenue, Cork",-8.50134001509349,51.90212999093444,"11, Monastery Avenue, Knocknaheeny, Cork, County Cork, Munster, T23 A720, Éire / Ireland"
POINT (-8.452849999999955 51.94032000000004),"Ballinvriskig, Ballinvriskig (Upper Glanmire), Cork",-8.452849999999955,51.94032000000004,"Ballyhooly New Road, Rathcooney, Cork, County Cork, Munster, T23 AE00, Éire / Ireland"
POINT (-8.371579999999938 51.87779000000006),"Rochestown, Cork",-8.371579999999938,51.87779000000006,"Rochestown Road, Garryduff, Douglas, Cork, County Cork, Munster, T12 WV08, Éire / Ireland"
POINT (-8.61274003452283 51.87731000216553),"Kilnaglory Lodge, Greenfield, Ballincollig, Cork",-8.61274003452283,51.87731000216553,"West Village, Ballincollig ED, Cork, County Cork, Munster, P31 VW82, Éire / Ireland"
POINT (-8.401729980670723 51.86862999660366),"60 Foxwood, Cork",-8.401729980670723,51.86862999660366,"Foxwood, Garryduff, Douglas, Cork, County Cork, Munster, T12 ND82, Éire / Ireland"
POINT (-8.454460030633243 51.90913998610765),"106 Old Youghal Road, Cork",-8.454460030633243,51.90913998610765,"106, Old Youghal Road, Montenotte, Montenotte A, Cork, County Cork, Munster, T23 HN40, Éire / Ireland"
POINT (-8.372337065633237 51.87774944861152),"Rochestown Road, Rochestown, Cork",-8.372337065633237,51.87774944861152,"Rochestown Wood House, Rochestown Road, Garryduff, Douglas, Cork, County Cork, Munster, T12 WV08, Éire / Ireland"
POINT (-8.496190006144445 51.877709986585046),"35 Argideen Lawn, Cork",-8.496190006144445,51.877709986585046,"Saint Finbarr's National Hurling and Football club, Deanrock Cottages, Togher, Togher A, Cork, County Cork, Munster, T12 C8VW, Éire / Ireland"
POINT (-3.0100770317828953 53.82530491307814),"14 Heron Way, Staining, Blackpool, Lancashire, England, FY3 8FB",-3.0100770317828953,53.82530491307814,"Heron Way, Grange Park, Blackpool, England, FY3 8FA, United Kingdom"
POINT (-8.394369999130419 51.93339997992544),"4 Hazelwood Gardens, Riverstown, Cork",-8.394369999130419,51.93339997992544,"Hazelwood Gardens, Riverstown, Cork, County Cork, Munster, T45 DH05, Éire / Ireland"
POINT (-8.485539959969714 51.90099998465786),"Altus, 14 Sunday's Well Road, Cork",-8.485539959969714,51.90099998465786,"Upper Panorama Terrace, Sunday's Well B, Cork, County Cork, Munster, T23 TY7X, Éire / Ireland"
POINT (-8.442869995926912 51.91231000093384),"Old Youghal Road, Cork",-8.442869995926912,51.91231000093384,"Mayfield Community School, Cahergal Lawn, Mayfield, Cork, County Cork, Munster, T23 YHP1, Éire / Ireland"
POINT (-8.46773998274827 51.86593001795276),"19 Dunvale Crescent, Cork",-8.46773998274827,51.86593001795276,"Dunvale Crescent, Dunvale, Lehenagh, Cork, County Cork, Munster, T12 D899, Éire / Ireland"
POINT (-8.48851000354091 51.903939979106156),"6 Cathedral Road, Gurranebraher, Cork",-8.48851000354091,51.903939979106156,"Paddy Power, Gurranabraher Road, Garranabraher, Gurranabraher E, Cork, County Cork, Munster, T23 HK31, Éire / Ireland"
POINT (-8.473909985494771 51.891279994459495),"20 Maymount, Cork",-8.473909985494771,51.891279994459495,"Maymount, Evergreen, Cork, County Cork, Munster, T12 K765, Éire / Ireland"
POINT (-8.419198003166102 51.896338788032914),"Blackrock Road, Blackrock, Cork",-8.419198003166102,51.896338788032914,"Blackrock Station, Blackrock Station Bridge, Blackrock, Mahon A, Cork, County Cork, Munster, T12 Y0EH, Éire / Ireland"
POINT (-8.408215356371784 51.923569020628356),"6 Castlejane Cottages, Glanmire, Cork",-8.408215356371784,51.923569020628356,"Old Youghal Road, Rathcooney, Cork, County Cork, Munster, T45 HX28, Éire / Ireland"
POINT (-8.487950008589763 51.90125001682958),"311 Blarney Street, Cork",-8.487950008589763,51.90125001682958,"Blarney Street, Sunday's Well B, Cork, County Cork, Munster, T23 TY7X, Éire / Ireland"
POINT (-8.481657171305326 51.90005805797592),"Devonshire Street West, Cork",-8.481657171305326,51.90005805797592,"Pat McDonnell Paint, Devonshire Street West, The Marsh, Centre B ED, Cork, County Cork, Munster, T23 RHW2, Éire / Ireland"
POINT (-8.523630010207938 51.88211999921228),"1 Central Avenue, Cork",-8.523630010207938,51.88211999921228,"3, Central Avenue, Bishopstown ED C, Cork, County Cork, Munster, T12 Y9KT, Éire / Ireland"
POINT (-8.484460035564581 51.88448000787034),"218 Pearse Road, Ballyphehane, Cork",-8.484460035564581,51.88448000787034,"218, Pearse Road, Togher B, Cork, County Cork, Munster, T12 XF67, Éire / Ireland"
POINT (-8.393110031445104 51.87634998088532),"5 Manor Drive, Cork",-8.393110031445104,51.87634998088532,"Manor Drive, Rochestown, Douglas, Cork, County Cork, Munster, T12 ND82, Éire / Ireland"
POINT (-8.442009970751599 51.859350014412485),"22 The Glen, Douglas, Cork",-8.442009970751599,51.859350014412485,"The Glen, Donnybrook, Douglas, Cork, County Cork, Munster, T12 HVX5, Éire / Ireland"
POINT (-8.441939981860088 51.85927998361143),"22a The Glen, Douglas, Cork",-8.441939981860088,51.85927998361143,"The Glen, Donnybrook, Douglas, Cork, County Cork, Munster, T12 HVX5, Éire / Ireland"
POINT (-8.849977343902957 51.6217400927134),"Ballintemple, Cork",-8.849977343902957,51.6217400927134,"Templeomalus, The Municipal District of Bandon – Kinsale, County Cork, Munster, P85 AD80, Éire / Ireland"
POINT (-8.372337065633237 51.87774944861152),"Rochestown Road, Rochestown, Cork",-8.372337065633237,51.87774944861152,"Rochestown Wood House, Rochestown Road, Garryduff, Douglas, Cork, County Cork, Munster, T12 WV08, Éire / Ireland"
POINT (-8.471600016798646 51.905960017771434),"6 Goldsmiths Avenue, Cork",-8.471600016798646,51.905960017771434,"5, Goldsmith's Avenue, Blackpool ED B, Cork, County Cork, Munster, T23 YE35, Éire / Ireland"
POINT (-8.461739964998202 51.92403999246844),"60 Kinvara Avenue, Ballyvolane, Cork",-8.461739964998202,51.92403999246844,"Kinvara Avenue, St. Mary's, Cork, County Cork, Munster, T23 D215, Éire / Ireland"
POINT (-8.63051000453089 51.88331999438037),"13 Oak Avenue, Ballincollig, Cork",-8.63051000453089,51.88331999438037,"Oak Avenue, Classes Lake, Ovens, Cork, County Cork, Munster, P31 PK65, Éire / Ireland"
POINT (-8.487520016956864 51.91072001676574),"30 Bantry Park Road, Cork",-8.487520016956864,51.91072001676574,"Bantry Park Road, Fair Hill B, Cork, County Cork, Munster, T23 W08N, Éire / Ireland"
POINT (-8.371579999999938 51.87779000000006),"Rochestown, Cork",-8.371579999999938,51.87779000000006,"Rochestown Road, Garryduff, Douglas, Cork, County Cork, Munster, T12 WV08, Éire / Ireland"
POINT (-8.481699958667946 51.898159986314425),"10 Sheares Street, Cork",-8.481699958667946,51.898159986314425,"Woolshed Baa & Grill, Sheares Street, The Marsh, Centre B ED, Cork, County Cork, Munster, T12 CX7A, Éire / Ireland"
POINT (-8.389380000713004 51.92226998597488),"71 Fernwood, Glyntown, Cork",-8.389380000713004,51.92226998597488,"Fernwood, Caherlag ED, Cork, County Cork, Munster, T45 DH05, Éire / Ireland"
POINT (-8.515105201763292 51.87398829618747),"The Lodge, Cork",-8.515105201763292,51.87398829618747,"Garrane Dara, Inishkenny, Cork, County Cork, Munster, Éire / Ireland"
POINT (-8.439709976520248 51.87007000756918),"2 Kingslea, Douglas, Cork",-8.439709976520248,51.87007000756918,"Kingslea, Grange, Douglas, Cork, County Cork, Munster, T12 HVX5, Éire / Ireland"
POINT (-8.371579999999938 51.87779000000006),"Rochestown, Cork",-8.371579999999938,51.87779000000006,"Rochestown Road, Garryduff, Douglas, Cork, County Cork, Munster, T12 WV08, Éire / Ireland"
POINT (-8.511469964176172 51.89930000896533),"1 The Mews, Cork",-8.511469964176172,51.89930000896533,"Hollyhill, Shanakiel, Cork, County Cork, Munster, T23 R68N, Éire / Ireland"
POINT (-8.440480021964987 51.86373999429111),"1 The Mews, Douglas, Cork",-8.440480021964987,51.86373999429111,"The Lawn, Donnybrook, Douglas, Cork, County Cork, Munster, T12 HVX5, Éire / Ireland"
POINT (-8.399309999999957 51.92694000000006),"Glanmire, Cork",-8.399309999999957,51.92694000000006,"Barnavarna Road, Rathcooney, Cork, County Cork, Munster, T45 HX28, Éire / Ireland"
POINT (-8.622009960595504 51.88430718845678),"22 The Stables, Ballincollig, Cork",-8.622009960595504,51.88430718845678,"The Stables, Classes Lake, Ballincollig ED, Cork, County Cork, Munster, P31 AP58, Éire / Ireland"
POINT (-8.466180026748304 51.90169999930154),"1 Little William Street, Cork",-8.466180026748304,51.90169999930154,"3, Wellington Road, Victorian Quarter, St. Patrick's A, Cork, County Cork, Munster, T23 XF95, Éire / Ireland"
POINT (-8.45161001591552 51.883480004912),"17 Rosebank, Cork",-8.45161001591552,51.883480004912,"Rosebank Park, Rosebank, Tramore B, Cork, County Cork, Munster, T12 WV83, Éire / Ireland"
POINT (-8.503530038755173 51.87545001594137),"Inishowen, 1 The Headlands, Cork",-8.503530038755173,51.87545001594137,"The Headlands, Inishkenny, Cork, County Cork, Munster, T12 VY33, Éire / Ireland"
POINT (-8.455629976678466 51.88458000397523),"Lauderdale, Loreto Park, Cork",-8.455629976678466,51.88458000397523,"Loreto Park, Tramore B, Cork, County Cork, Munster, T12 WV83, Éire / Ireland"
POINT (-8.173260003409013 51.91327000125929),"Block A, APARTMENT 1 The Square, Midleton, Cork",-8.173260003409013,51.91327000125929,"Midleton Urban, The Municipal District of East Cork, County Cork, Munster, P25 E6F7, Éire / Ireland"
POINT (-8.530639963471629 51.88108998904056),"Ferville, Rossa Avenue, Cork",-8.530639963471629,51.88108998904056,"Hannover, 52, Rossa Avenue, Bishopstown ED B, Cork, County Cork, Munster, T12 HP29, Éire / Ireland"
POINT (-8.434519985893047 51.8931800042713),"67 Avondale Park, Cork",-8.434519985893047,51.8931800042713,"Ballintemple, Knockrea A, Cork, County Cork, Munster, T12 Y902, Éire / Ireland"
POINT (-8.459829980721622 51.896909993093885),"27 Hibernian Buildings, Cork",-8.459829980721622,51.896909993093885,"City Hall B ED, Cork, County Cork, Munster, T12 PP93, Éire / Ireland"
POINT (-8.500810027355698 51.90197999677713),"1 Monastery Avenue, Cork",-8.500810027355698,51.90197999677713,"1, Monastery Green, Knocknaheeny, Cork, County Cork, Munster, T23 N250, Éire / Ireland"
POINT (-8.534269998098836 51.8883400000112),"Parchment Square, APARTMENT 100 Model Farm Road, Cork",-8.534269998098836,51.8883400000112,"Parchment Square, Bishopstown ED B, Cork, County Cork, Munster, T12 HP29, Éire / Ireland"
POINT (-8.407650035064506 51.86834999912807),"2 Ardkeale, Cork",-8.407650035064506,51.86834999912807,"Ardkeale, Castletreasure, Garryduff, Douglas, Cork, County Cork, Munster, T12 ND82, Éire / Ireland"
POINT (-8.49337997310488 51.90442998516579),"28 Chapel Field, Gurranebraher, Cork",-8.49337997310488,51.90442998516579,"Chapel Field, Churchfield ED, Cork, County Cork, Munster, T23 HK31, Éire / Ireland"
POINT (-8.444829978255939 51.88592001883589),"Rosapenna, Browningstown Park West, Cork",-8.444829978255939,51.88592001883589,"Browningstown Park West, Browningstown ED, Cork, County Cork, Munster, T12 X789, Éire / Ireland"
POINT (-8.465368767253185 51.89417449526796),"50B South Terrace, Cork",-8.465368767253185,51.89417449526796,"Hurling Player, Anglesea Street, South Parish, South Gate A, Cork, County Cork, Munster, T12 A376, Éire / Ireland"
POINT (-8.564850030729957 51.93378998988018),"3 Millstream Row, Blarney, Cork",-8.564850030729957,51.93378998988018,"Public toilet (disused), Millstream Row, Blarney ED, Cork, County Cork, Munster, T23 VY22, Éire / Ireland"
POINT (-8.407956522863424 51.86392547896159),"27 Fort Hill, Douglas, Cork",-8.407956522863424,51.86392547896159,"Fort Hill, Douglas, Cork, County Cork, Munster, T12 ND82, Éire / Ireland"
POINT (-8.411040011984767 51.88747000037108),"12 Sharman Avenue, Blackrock, Cork",-8.411040011984767,51.88747000037108,"Sharman Avenue, Mahon, Mahon B, Cork, County Cork, Munster, T12 XK5R, Éire / Ireland"
POINT (-8.56710995946412 51.93672998432848),"71 Cluain Ard, Blarney, Cork",-8.56710995946412,51.93672998432848,"33, Cluain Ard, Blarney ED, Cork, County Cork, Munster, T23 VY22, Éire / Ireland"
POINT (-8.574877191643205 51.90273770822427),"Healy's Bridge, Cork",-8.574877191643205,51.90273770822427,"Blarney Road, Kerry Pike, Cloghroe, Cork, County Cork, Munster, T12 WT4A, Éire / Ireland"
POINT (-8.477549994586752 51.90583998891796),"13 Farren Street, Cork",-8.477549994586752,51.90583998891796,"Straw Hill, Shandon A, Cork, County Cork, Munster, T23 P27X, Éire / Ireland"
POINT (-8.427310040419599 51.8740400121892),"10 The Paddocks, Douglas, Cork",-8.427310040419599,51.8740400121892,"The Paddocks, Douglas, Cork, County Cork, Munster, T12 D5RC, Éire / Ireland"
POINT (-8.474780027044375 51.91645001150502),"101 Commons Road, Cork",-8.474780027044375,51.91645001150502,"101, Commons Road, Farranferris A, Cork, County Cork, Munster, T23 AN20, Éire / Ireland"
POINT (-8.502669971670343 51.87762000685447),"72 Southbury Road, Cork",-8.502669971670343,51.87762000685447,"Southbury Road, Wilton, Bishopstown ED E, Cork, County Cork, Munster, T12 YK23, Éire / Ireland"
POINT (-8.49529004120049 51.87726000411308),"12 Harley Wood, Cork",-8.49529004120049,51.87726000411308,"Harley Wood, Togher, Togher A, Cork, County Cork, Munster, T12 C8VW, Éire / Ireland"
POINT (-8.423800034645865 51.88755000563691),"53 Skehard Road, Cork",-8.423800034645865,51.88755000563691,"Skehard Road (Old Cliffe), Skehard Road, Mahon B, Cork, County Cork, Munster, T12 VHY0, Éire / Ireland"
POINT (-8.408215356371784 51.923569020628356),"63 Castlejane Cottages, Glanmire, Cork",-8.408215356371784,51.923569020628356,"Old Youghal Road, Rathcooney, Cork, County Cork, Munster, T45 HX28, Éire / Ireland"
POINT (-8.408215356371784 51.923569020628356),"55 Castlejane Cottages, Glanmire, Cork",-8.408215356371784,51.923569020628356,"Old Youghal Road, Rathcooney, Cork, County Cork, Munster, T45 HX28, Éire / Ireland"
POINT (-8.472469974529218 51.89393001696743),"6 Red Abbey Street, Cork",-8.472469974529218,51.89393001696743,"Red Abbey Street, South Parish, South Gate A, Cork, County Cork, Munster, T12 ETF1, Éire / Ireland"
POINT (-8.453900035682096 51.90923998221254),"11 Springmount Place, Cork",-8.453900035682096,51.90923998221254,"The National Tavern, 98, Old Youghal Road, Montenotte, Montenotte A, Cork, County Cork, Munster, T23 HN40, Éire / Ireland"
POINT (-8.444499982727933 51.86460001946642),"2 Glenside, Douglas, Cork",-8.444499982727933,51.86460001946642,"Glenside, Grange, Douglas, Cork, County Cork, Munster, T12 HVX5, Éire / Ireland"
POINT (-8.468829965437209 51.93711999428325),"The Bungalow, Kilcully, Cork",-8.468829965437209,51.93711999428325,"Rathcooney, Cork, County Cork, Munster, T23 HP30, Éire / Ireland"
POINT (-8.51018996374225 51.886830000154134),"12 Laburnum Lawn, Cork",-8.51018996374225,51.886830000154134,"Laburnum Lawn, Bishopstown ED C, Cork, County Cork, Munster, T12 R2NC, Éire / Ireland"
POINT (-8.495230026773754 51.86439998534712),"9 West Avenue, Lehenaghmore, Cork",-8.495230026773754,51.86439998534712,"Lehenaghmore, Lehenagh, Cork, County Cork, Munster, T12 ER23, Éire / Ireland"
POINT (-8.63119002833551 51.88438001176547),"25 The Elms, Ballincollig, Cork",-8.63119002833551,51.88438001176547,"The Elms, Classes Lake, Ovens, Cork, County Cork, Munster, P31 PK65, Éire / Ireland"
POINT (-8.475900016946667 51.9149100044346),"42 Cushing Road, Farranree, Cork",-8.475900016946667,51.9149100044346,"Cushing Road, Farranferris A, Cork, County Cork, Munster, T23 AN20, Éire / Ireland"
POINT (-8.650239998777522 51.872680006489475),"16 Grange Court, Grange, Cork",-8.650239998777522,51.872680006489475,"Manor Grove, Ballygroman ED, Municipal District of Macroom, County Cork, Munster, P31 D253, Éire / Ireland"
POINT (-8.429459998584093 51.869640015936284),"77 Welwyn Road, Douglas, Cork",-8.429459998584093,51.869640015936284,"Welwyn Road, Douglas, Cork, County Cork, Munster, T12 D5RC, Éire / Ireland"
POINT (-8.437650039995845 51.91310999072766),"77 Avonmore Park, Mayfield, Cork",-8.437650039995845,51.91310999072766,"Avonmore Park, Mayfield, Cork, County Cork, Munster, T23 N236, Éire / Ireland"
POINT (-8.472329996746197 51.90115999518949),"Camden Wharf, APARTMENT 1 Camden Quay, Cork",-8.472329996746197,51.90115999518949,"Gala, Camden Quay, Shandon A, Cork, County Cork, Munster, T23 X72D, Éire / Ireland"
POINT (-8.47208129673154 51.88693273822852),"Derrynane Road, Cork",-8.47208129673154,51.88693273822852,"Derrynane Road, Turner's Cross, Turner's Cross B, Cork, County Cork, Munster, T12 F650, Éire / Ireland"
POINT (-8.453979999038381 51.91523999996261),"Glenisle, Riverview Estate, Ballyvolane, Cork",-8.453979999038381,51.91523999996261,"Sunlea, North Ring Road, Dublin Hill, The Glen A, Cork, County Cork, Munster, T23 PX36, Éire / Ireland"
POINT (-8.492689974835457 51.87130998441546),"56 Palmbury, Cork",-8.492689974835457,51.87130998441546,"Palmbury, Lehenagh, Cork, County Cork, Munster, T12 HX36, Éire / Ireland"
POINT (-8.582239965248021 51.89265999099828),"206 The Willows, Ballincollig, Cork",-8.582239965248021,51.89265999099828,"RP 12, Willowcourt, Ballincollig ED, Cork, County Cork, Munster, P31 T660, Éire / Ireland"
POINT (-8.413239999999973 51.90044000000006),Cork,-8.413239999999973,51.90044000000006,"Marian Shrine, Blackrock Village, Blackrock, Mahon A, Cork, County Cork, Munster, T12 Y0EH, Éire / Ireland"
POINT (-8.500870041782434 51.906019990288655),"75 Harbour View Road, Knocknaheeny, Cork",-8.500870041782434,51.906019990288655,"Harbour View Road (Dunmanus Park), Harbour View Road, Hollyhill / Knocknaheeny, Knocknaheeny, Cork, County Cork, Munster, T23 N250, Éire / Ireland"
POINT (-8.448320141810003 51.88974692740319),"Ballinlough Road, Cork",-8.448320141810003,51.88974692740319,"Pic Du Jer Park, Ballinlough Road, Ballinlough, Ballinlough ED C, Cork, County Cork, Munster, T12 X789, Éire / Ireland"
POINT (-8.493430013066813 51.87240998347869),"65 Palmbury Orchard, Cork",-8.493430013066813,51.87240998347869,"Palmbury Orchard, Palmbury, Lehenagh, Cork, County Cork, Munster, T12 HX36, Éire / Ireland"
POINT (-8.46717001333235 51.88689001458087),"15 O'Connell Crescent, Cork",-8.46717001333235,51.88689001458087,"O'Connell Crescent, Turner's Cross, Turner's Cross B, Cork, County Cork, Munster, T12 H568, Éire / Ireland"
POINT (-8.467079991692259 51.89418998169441),"Block B, APARTMENT 14 South Terrace, Cork",-8.467079991692259,51.89418998169441,"South Terrace (Opp Irish Pensions), South Terrace, South Parish, South Gate A, Cork, County Cork, Munster, T12 KD37, Éire / Ireland"
POINT (-9.169299999999964 51.601500000000044),"Ballinlough, Skibbereen, Cork",-9.169299999999964,51.601500000000044,"Knockskagh, West Cork, County Cork, Munster, P81 YN96, Éire / Ireland"
POINT (-8.47722253270855 51.8952396661649),"French's Quay, Cork",-8.47722253270855,51.8952396661649,"Denis J. Fordes & Sons, French's Quay, South Gate B, Cork, County Cork, Munster, T12 H64V, Éire / Ireland"
POINT (-8.475630035845398 51.90509999259612),"18 Lower Barrack View, Cork",-8.475630035845398,51.90509999259612,"Lower Barrack View, Shandon A, Cork, County Cork, Munster, T23 P27X, Éire / Ireland"
POINT (-8.458449984182806 51.86729999811729),"1 The Village, Cork",-8.458449984182806,51.86729999811729,"The Village, Lehenagh, Cork, County Cork, Munster, T12 HN2E, Éire / Ireland"
POINT (-8.417646272037427 51.8724980551392),"61 Elden, Douglas, Cork",-8.417646272037427,51.8724980551392,"Elden, Maryborough, Douglas, Cork, County Cork, Munster, T12 D5RC, Éire / Ireland"
POINT (-8.471509995158527 51.905390006446),"20 Goldsmiths Avenue, Cork",-8.471509995158527,51.905390006446,"17, Goldsmith's Avenue, Blackpool ED B, Cork, County Cork, Munster, T23 YE35, Éire / Ireland"
POINT (-8.417839998573925 51.896180013146335),"13 Post Office Avenue, Blackrock, Cork",-8.417839998573925,51.896180013146335,"Post Office Avenue, Blackrock, Mahon A, Cork, County Cork, Munster, T12 Y0EH, Éire / Ireland"
POINT (-8.505589975279577 51.87980998860664),"32 Wilton Court, Cork",-8.505589975279577,51.87980998860664,"Wilton Court, Wilton, Bishopstown ED E, Cork, County Cork, Munster, T12 YK23, Éire / Ireland"
POINT (-8.489609960694622 51.91118999007679),"164 Mount Agnes Road, Cork",-8.489609960694622,51.91118999007679,"Lidl trolley park, Mount Agnes Road, Knocknaheeny, Cork, County Cork, Munster, T23 W08N, Éire / Ireland"
POINT (-8.493349965891497 51.90404999158534),"35 Chapel Field, Gurranebraher, Cork",-8.493349965891497,51.90404999158534,"Chapel Field, Churchfield ED, Cork, County Cork, Munster, T23 HK31, Éire / Ireland"
POINT (-8.446399992539739 51.913380013738475),"22 Oakpark, Ballyvolane, Cork",-8.446399992539739,51.913380013738475,"22, Oakpark, Mayfield, Cork, County Cork, Munster, T23 K5P2, Éire / Ireland"
POINT (-8.48132000699701 51.90153998876994),"5 North Abbey Square, Cork",-8.48132000699701,51.90153998876994,"Sunday's Well B, Cork, County Cork, Munster, T23 RHW2, Éire / Ireland"
POINT (-8.457980010871779 51.87041999393628),"98 East Avenue, Cork",-8.457980010871779,51.87041999393628,"Frankfield, Lehenagh, Cork, County Cork, Munster, T12 HN2E, Éire / Ireland"
POINT (-8.460310012316484 51.90621998249844),"6 Mount Vernon Terrace, Cork",-8.460310012316484,51.90621998249844,"Mount Vernon Terrace, St. Patrick's C, Cork, County Cork, Munster, T23 T292, Éire / Ireland"
POINT (-8.477489980160016 51.91358000594823),"25 Seminary Walk, Farranree, Cork",-8.477489980160016,51.91358000594823,"Redemption Road, Farranferris A, Cork, County Cork, Munster, T23 PXD0, Éire / Ireland"
POINT (-8.494481633962415 51.88978533524552),"Magazine Road, Cork",-8.494481633962415,51.88978533524552,"Fernhurst View, 4, Magazine Road, Glasheen B, Cork, County Cork, Munster, T12 E62K, Éire / Ireland"
POINT (-8.51046002866255 51.90101000103215),"35 Hollywood Estate, Cork",-8.51046002866255,51.90101000103215,"Blarney Street, Hollyhill, Shanakiel, Cork, County Cork, Munster, T23 R68N, Éire / Ireland"
POINT (-8.506190035727883 51.89241000073608),"Saint Josephs, Victoria Villas, Cork",-8.506190035727883,51.89241000073608,"Victoria Cross Cycles, Victoria Cross Road, Bishopstown ED A, Cork, County Cork, Munster, T12 R2NC, Éire / Ireland"
POINT (-8.472213170267828 51.86740149882767),"Curraghconway Court, Ballycurreen, Cork",-8.472213170267828,51.86740149882767,"Frankfield, Lehenagh, Cork, County Cork, Munster, T12 D899, Éire / Ireland"
POINT (-8.433409970455529 51.912940005731286),"11 Springfield Estate, Mayfield, Cork",-8.433409970455529,51.912940005731286,"Mayfield, Montenotte B, Cork, County Cork, Munster, T23 AE78, Éire / Ireland"
POINT (-8.404329963216725 51.92377998583194),"2 The Pines, Castlejane Wood, Cork",-8.404329963216725,51.92377998583194,"Rathcooney, Cork, County Cork, Munster, T45 X924, Éire / Ireland"
POINT (-8.627039980435285 51.88564999582508),"9 Berryfield, Ballincollig, Cork",-8.627039980435285,51.88564999582508,"Berryfield, Classes Lake, Ballincollig ED, Cork, County Cork, Munster, P31 AP58, Éire / Ireland"
POINT (-8.468359992126182 51.89428000333453),"Rutland Place, APARTMENT 1 South Terrace, Cork",-8.468359992126182,51.89428000333453,"Cork College of FET - Douglas Street Campus, Sawmill Street, South Parish, South Gate A, Cork, County Cork, Munster, T12 KD37, Éire / Ireland"
POINT (-8.502690004418923 51.902040011203866),"41 Monastery Terrace, Cork",-8.502690004418923,51.902040011203866,"Monastery Terrace, Knocknaheeny, Cork, County Cork, Munster, T23 N250, Éire / Ireland"
POINT (-8.475180011463891 51.9042499837951),"16 Church Avenue, Cork",-8.475180011463891,51.9042499837951,"Church Avenue, Shandon A, Cork, County Cork, Munster, T23 CYR3, Éire / Ireland"
POINT (-8.422730000886474 51.90685998271539),"83 Ashmount Mews, Cork",-8.422730000886474,51.90685998271539,"Ashmount, Tivoli B, Cork, County Cork, Munster, T23 E244, Éire / Ireland"
POINT (-8.38688998873667 51.93583999384933),"24 Oakfield View, Riverstown, Cork",-8.38688998873667,51.93583999384933,"Oakfield View, Riverstown, Cork, County Cork, Munster, T45 DH05, Éire / Ireland"
POINT (-8.463216528650939 51.90515607094947),"6 Ferncliffe Villas, Cork",-8.463216528650939,51.90515607094947,"Sidneyville, Bellevue Park, St. Patrick's B, Cork, County Cork, Munster, T23 T292, Éire / Ireland"
POINT (-8.486059973242732 51.880379999932074),"13 Charles Daly Road, Cork",-8.486059973242732,51.880379999932074,"Charles Daly Road, Togher B, Cork, County Cork, Munster, T12 KA40, Éire / Ireland"
POINT (-8.615796703127275 51.88561685943076),"The Old Quarry, Ballincollig, Cork",-8.615796703127275,51.88561685943076,"West Village, Ballincollig ED, Cork, County Cork, Munster, P31 YK68, Éire / Ireland"
POINT (-8.460470022848085 51.889639991284184),"Franconia, 10 Roseville, Cork",-8.460470022848085,51.889639991284184,"Saint Finbarr's Hospital, Douglas Road, Tramore A, Cork, County Cork, Munster, T12 XH60, Éire / Ireland"
POINT (-8.4719499612562 51.90028999554937),"Quay House, APARTMENT 1 Lavitt's Quay, Cork",-8.4719499612562,51.90028999554937,"230101, Lavitt's Quay, The Marsh, Centre B ED, Cork, County Cork, Munster, T12 HT78, Éire / Ireland"
POINT (-8.484960016089019 51.8865000046261),"Locmor, 1 Fairy Lawn, Cork",-8.484960016089019,51.8865000046261,"Fairy Lawn, The Lough, Cork, County Cork, Munster, T12 XF67, Éire / Ireland"
POINT (-8.440090012010216 51.88829000195875),"The Well, Ballinlough Road, Cork",-8.440090012010216,51.88829000195875,"""Rathlus"", Ballinlough Road, Ballinlough ED C, Cork, County Cork, Munster, T12 X789, Éire / Ireland"
POINT (-8.371579999999938 51.87779000000006),"Rochestown, Cork",-8.371579999999938,51.87779000000006,"Rochestown Road, Garryduff, Douglas, Cork, County Cork, Munster, T12 WV08, Éire / Ireland"
POINT (-8.523240000253196 51.87678998889251),"Innisfree, Bishopstown Road, Cork",-8.523240000253196,51.87678998889251,"Bishopstown Road, Bishopstown ED D, Cork, County Cork, Munster, T12 P977, Éire / Ireland"
POINT (-8.435929999999928 51.87721000000005),"Douglas, Cork",-8.435929999999928,51.87721000000005,"Eco, East Douglas Street, Douglas, Cork, County Cork, Munster, T12 YV08, Éire / Ireland"
POINT (-8.489399994020062 51.88653998630426),"Ardara, Hartland's Avenue, Cork",-8.489399994020062,51.88653998630426,"The Hawthorn Bar, Hartland's Avenue, Glasheen C, Cork, County Cork, Munster, T12 HT97, Éire / Ireland"
POINT (-8.433063165659712 51.87578192366212),"6 The Gardens, Douglas, Cork",-8.433063165659712,51.87578192366212,"The Gardens, Douglas, Cork, County Cork, Munster, T12 HN63, Éire / Ireland"
POINT (-8.457309961531934 51.902480019211055),"Arcadia Hall, APARTMENT 1 Lower Glanmire Road, Cork",-8.457309961531934,51.902480019211055,"Arcadia Student Accommodation, Lower Glanmire Road, Victorian Quarter, St. Patrick's A, Cork, County Cork, Munster, T23 TK20, Éire / Ireland"
POINT (-8.424520040128613 51.95313001608156),"113 Ros Árd, Ballinvuskig, Cork",-8.424520040128613,51.95313001608156,"113, Ros Árd, Rathcooney, Cork, County Cork, Munster, T23 AE00, Éire / Ireland"
POINT (-8.388429995807087 51.931320010652456),"43 Old Avenue, Riverstown, Cork",-8.388429995807087,51.931320010652456,"Old Avenue, Riverstown, Cork, County Cork, Munster, T45 DH05, Éire / Ireland"
POINT (-8.511915513461355 51.92821837205904),"The Crescent, Rathpeacon (Killeens), Cork",-8.511915513461355,51.92821837205904,"Rathpeacon, Whitechurch, Cork, County Cork, Munster, T23 YF83, Éire / Ireland"
POINT (-8.615970000911489 51.92577001728387),"6 Laureston Lawn, Tower, Cork",-8.615970000911489,51.92577001728387,"Laureston Lawn, Tower, Cloghroe, Cork, County Cork, Munster, T23 YX51, Éire / Ireland"
POINT (-8.485490003826783 51.90165000124912),"336 Blarney Street, Cork",-8.485490003826783,51.90165000124912,"Joshua Tree, Blarney Street, North Parish, Shandon, Sunday's Well B, Cork, County Cork, Munster, T23 NH28, Éire / Ireland"
POINT (-8.4298915252317 51.87168844455461),"11 Greenlodge, Douglas, Cork",-8.4298915252317,51.87168844455461,"Greenlodge, Douglas, Cork, County Cork, Munster, T12 D5RC, Éire / Ireland"
POINT (-8.458080006976644 51.906909980767836),"5 Windsor Cottages, Cork",-8.458080006976644,51.906909980767836,"5, Windsor Cottages, St. Patrick's C, Cork, County Cork, Munster, T23 T292, Éire / Ireland"
POINT (-8.483450016231956 51.89588999929646),"Lancaster Gate, 1 Western Road, Cork",-8.483450016231956,51.89588999929646,"Lancaster Gate, Lancaster Quay, Gillabbey A, Cork, County Cork, Munster, T12 CX7A, Éire / Ireland"
POINT (-8.47288001723257 51.89882001927998),"Opera Lane Apartments, 1 Academy Street, Cork",-8.47288001723257,51.89882001927998,"Tudor Leisure Centre, Academy Street, The Marsh, Centre B ED, Cork, County Cork, Munster, T12 CH98, Éire / Ireland"
POINT (-8.473136491197494 51.89895799094345),"Academy Street, Cork",-8.473136491197494,51.89895799094345,"Loving Salads, 15-16, Academy Street, The Marsh, Centre B ED, Cork, County Cork, Munster, T12 CH98, Éire / Ireland"
POINT (-8.607209990083817 51.88376000238759),"84 Caislean Grove, Ballincollig, Cork",-8.607209990083817,51.88376000238759,"West Village, Ballincollig ED, Cork, County Cork, Munster, P31 VW82, Éire / Ireland"
POINT (-8.472329996746197 51.90115999518949),"Camden Wharf, APARTMENT 1 Camden Quay, Cork",-8.472329996746197,51.90115999518949,"Gala, Camden Quay, Shandon A, Cork, County Cork, Munster, T23 X72D, Éire / Ireland"
POINT (-8.458600020249662 51.8835600101778),"4 Palaceanne Lawn, Cork",-8.458600020249662,51.8835600101778,"Palacanne Villas, Tramore C, Cork, County Cork, Munster, T12 X370, Éire / Ireland"
POINT (-8.47670526776178 51.85618113040433),"Belvedere, Cork",-8.47670526776178,51.85618113040433,"Kinsale Road, Lehenaghmore, Lehenagh, Cork, County Cork, Munster, T12 ANP0, Éire / Ireland"
POINT (-8.516849972548357 51.88034001825392),"1 Merlyn Lawn, Cork",-8.516849972548357,51.88034001825392,"Merlyn Lawn, Bishopstown ED C, Cork, County Cork, Munster, T12 Y9KT, Éire / Ireland"
POINT (-8.417949969143592 51.908089985096865),"59 Ashmount Court, Cork",-8.417949969143592,51.908089985096865,"Rathcooney, Cork, County Cork, Munster, T23 E244, Éire / Ireland"
POINT (-8.463950021408465 51.89249000600191),"26 Fitzgerald Place, Cork",-8.463950021408465,51.89249000600191,"Fitzgerald Place, City Hall A ED, Cork, County Cork, Munster, T12 X23H, Éire / Ireland"
POINT (-8.527994970105581 51.85989999298933),"Castlewhite, Cork",-8.527994970105581,51.85989999298933,"Viaduct Inn Parking, Bandon Road, Inishkenny, Municipal District of Carrigaline, County Cork, Munster, T12 EA21, Éire / Ireland"
POINT (-8.483069980741988 51.890550014511945),"51 Gould Street, Cork",-8.483069980741988,51.890550014511945,"6, Gould Street, The Lough, Cork, County Cork, Munster, T12 KPN3, Éire / Ireland"
POINT (-8.611360037984042 51.88257999805853),"59 Willow Grove, Ballincollig, Cork",-8.611360037984042,51.88257999805853,"59, Willow Grove, West Village, Ballincollig ED, Cork, County Cork, Munster, P31 VW82, Éire / Ireland"
POINT (-8.537789978337372 51.88975000376337),"Edenhall, APARTMENT G1 Model Farm Road, Cork",-8.537789978337372,51.88975000376337,"14, Model Farm Road, Bishopstown ED B, Cork, County Cork, Munster, T12 A9XE, Éire / Ireland"
POINT (-8.45088003596797 51.86411998787156),"16 Ard Field Avenue, Douglas, Cork",-8.45088003596797,51.86411998787156,"Ardfield Avenue, Ardfield, Lehenagh, Cork, County Cork, Munster, T12 HN2E, Éire / Ireland"
POINT (-8.493070010325425 51.918259999676735),"Fairview, 66 Fair Hill Drive, Cork",-8.493070010325425,51.918259999676735,"Na Piarsaigh GAA, L2789, St. Mary's, Cork, County Cork, Munster, T23 YF83, Éire / Ireland"
POINT (-8.406319994668621 51.866460005690556),"41 Kilbrody, Cork",-8.406319994668621,51.866460005690556,"Garryduff, Douglas, Cork, County Cork, Munster, T12 ND82, Éire / Ireland"
POINT (-8.495939973972696 51.88655000267855),"1 Tara Court, Cork",-8.495939973972696,51.88655000267855,"Tara Lawn, Glasheen C, Cork, County Cork, Munster, T12 E62K, Éire / Ireland"
POINT (-8.515925290432138 51.896574064908144),"River Towers, Cork",-8.515925290432138,51.896574064908144,"Hollyhill, Shanakiel, Cork, County Cork, Munster, T23 R68N, Éire / Ireland"
POINT (-8.51342001394994 51.88054998492848),"Saint Josephs, Bishopstown Road, Cork",-8.51342001394994,51.88054998492848,"Bishopstown Road, Bishopstown ED C, Cork, County Cork, Munster, T12 Y9KT, Éire / Ireland"
POINT (-8.473730026033593 51.90355001106093),"The Mill, APARTMENT 1 Lower John Street, Cork",-8.473730026033593,51.90355001106093,"1-9 The Mill, John Street, Shandon A, Cork, County Cork, Munster, T23 V2NN, Éire / Ireland"
POINT (-8.38350001181638 51.925150007905984),"4 Glyntown Road, Riverstown, Cork",-8.38350001181638,51.925150007905984,"Glyntown Road (Ard Carraig), Glyntown Road, Caherlag ED, Cork, County Cork, Munster, T45 Y921, Éire / Ireland"
POINT (-8.516600024195668 51.88005000440407),"Curraheen, Bishopstown Road, Cork",-8.516600024195668,51.88005000440407,"Spice of India, Bishopstown Road, Bishopstown ED C, Cork, County Cork, Munster, T12 Y9KT, Éire / Ireland"
POINT (-8.460540011739596 51.90703998408608),"170a Old Youghal Road, Cork",-8.460540011739596,51.90703998408608,"169-170-170A, Old Youghal Road, St. Patrick's C, Cork, County Cork, Munster, T23 T292, Éire / Ireland"
POINT (-8.409460023236221 51.89510000492217),"11 Meadow Grove Estate, Blackrock, Cork",-8.409460023236221,51.89510000492217,"Meadowgrove Estate, Blackrock, Mahon A, Cork, County Cork, Munster, T12 R5Y8, Éire / Ireland"
POINT (-8.40982002597758 51.88691997988471),"2 Frederick Avenue, Blackrock, Cork",-8.40982002597758,51.88691997988471,"Mahon Industrial Estate, Mahon, Mahon B, Cork, County Cork, Munster, T12 XK5R, Éire / Ireland"
POINT (-8.398609984851731 51.872519995957845),"3 Lower Kensington, Cork",-8.398609984851731,51.872519995957845,"Kensington, Rochestown, Douglas, Cork, County Cork, Munster, T12 ND82, Éire / Ireland"
POINT (-8.582640033486598 51.89255999489342),"149 Leeview, Ballincollig, Cork",-8.582640033486598,51.89255999489342,"Ballincollig ED, Cork, County Cork, Munster, P31 T660, Éire / Ireland"
POINT (-8.420060454859552 51.89361379911089),"25 Church Road, Blackrock, Cork",-8.420060454859552,51.89361379911089,"Blackrock Hurling Club, Church Road, Mahon A, Cork, County Cork, Munster, T12 Y0EH, Éire / Ireland"
POINT (-8.516896316535714 51.874072919630166),"14 Holly House, Cork",-8.516896316535714,51.874072919630166,"Garrane Dara, Inishkenny, Cork, County Cork, Munster, T12 Y9KT, Éire / Ireland"
POINT (-8.593440031909125 51.88563000498601),"58 Church View, Ballincollig, Cork",-8.593440031909125,51.88563000498601,"Church View, Ballincollig ED, Cork, County Cork, Munster, P31 V085, Éire / Ireland"
POINT (-8.408215356371784 51.923569020628356),"17 Castlejane Cottages, Glanmire, Cork",-8.408215356371784,51.923569020628356,"Old Youghal Road, Rathcooney, Cork, County Cork, Munster, T45 HX28, Éire / Ireland"
POINT (-8.482270680668664 51.88790749945526),"Pouladuff Villas, Cork",-8.482270680668664,51.88790749945526,"Parnell Terrace 1-12, Pouladuff Road, The Lough, Cork, County Cork, Munster, T12 XF67, Éire / Ireland"
POINT (-8.609860012591753 51.8909300080924),"27 Innismore Grove, Ballincollig, Cork",-8.609860012591753,51.8909300080924,"West Village, Ballincollig ED, Cork, County Cork, Munster, P31 D256, Éire / Ireland"
POINT (-8.464540023572994 51.90332998610256),"12 Hansborough, Cork",-8.464540023572994,51.90332998610256,"Belgrave Avenue, St. Patrick's B, Cork, County Cork, Munster, T23 XF95, Éire / Ireland"
POINT (-8.482451036999976 51.91408583100008),"Farranree, Cork",-8.482451036999976,51.91408583100008,"Pophams Road, Farranree, Farranferris B, Cork, County Cork, Munster, T23 A9T7, Éire / Ireland"
POINT (-8.61535996599838 51.88346001407294),"69 The Lawn, Ballincollig, Cork",-8.61535996599838,51.88346001407294,"The Lawn, West Village, Ballincollig ED, Cork, County Cork, Munster, P31 VW82, Éire / Ireland"
POINT (-8.48568999603657 51.892959979312934),"1a McCurtains Villas, Cork",-8.48568999603657,51.892959979312934,"McCurtains Villas, Gillabbey B, Cork, County Cork, Munster, T12 KPN3, Éire / Ireland"
POINT (-8.476019961981109 51.894089985589545),"28 Evergreen Buildings, Cork",-8.476019961981109,51.894089985589545,"Evergreen Buildings, South Gate B, Cork, County Cork, Munster, T12 Y720, Éire / Ireland"
POINT (-8.527010012663453 51.87694999942414),"8 The Rise, Cork",-8.527010012663453,51.87694999942414,"The Rise, Bishopstown ED D, Cork, County Cork, Munster, T12 P977, Éire / Ireland"
POINT (-8.441730015185527 51.8602599957307),"8 The Rise, Douglas, Cork",-8.441730015185527,51.8602599957307,"The Rise, Donnybrook, Douglas, Cork, County Cork, Munster, T12 HVX5, Éire / Ireland"
POINT (-8.481269967035047 51.90166999208819),"14 Rock Cottages, Cork",-8.481269967035047,51.90166999208819,"Sunday's Well B, Cork, County Cork, Munster, T23 RHW2, Éire / Ireland"
POINT (-8.407517356504496 51.863220668604995),"29 Fort Hill, Douglas, Cork",-8.407517356504496,51.863220668604995,"Fort Hill, Douglas, Cork, County Cork, Munster, T12 ND82, Éire / Ireland"
POINT (-8.377339983534682 51.929279981148085),"52 Copper Valley Vue, Brooklodge (Glanmire), Cork",-8.377339983534682,51.929279981148085,"Copper Valley Vue, Caherlag ED, Cork, County Cork, Munster, T45 Y921, Éire / Ireland"
POINT (-8.461469983896933 51.89047998371092),"3 Marble Hall Close, Cork",-8.461469983896933,51.89047998371092,"Marble Hall Close, Ballinlough ED A, Cork, County Cork, Munster, T12 H1R9, Éire / Ireland"
POINT (-8.645821289763235 51.87372149846918),"11 Grange Road, Grange, Cork",-8.645821289763235,51.87372149846918,"Manor Avenue, Ballygroman ED, Municipal District of Macroom, County Cork, Munster, P31 D253, Éire / Ireland"
POINT (-9.155845939653728 51.59600429077666),"Ballinlough, Skibbereen, Cork",-9.155845939653728,51.59600429077666,"Knockskagh, West Cork, County Cork, Munster, P81 YN96, Éire / Ireland"
POINT (-8.450560014904738 51.90793999093955),"1a Montenotte Park, Montenotte, Cork",-8.450560014904738,51.90793999093955,"Montenotte Post Office, St. Anne's Drive, Montenotte, Montenotte A, Cork, County Cork, Munster, T23 HN40, Éire / Ireland"
POINT (-8.423340035799583 51.91233001272769),"1 Lotabeg Estate, Mayfield, Cork",-8.423340035799583,51.91233001272769,"Lotabeg Estate, Tivoli B, Cork, County Cork, Munster, T23 PY67, Éire / Ireland"
POINT (-8.493860004699712 51.87138001521649),"39 Palmbury, Cork",-8.493860004699712,51.87138001521649,"Palmbury, Lehenagh, Cork, County Cork, Munster, T12 HX36, Éire / Ireland"
POINT (-8.571940031168964 51.886990010685736),"14 Woodbine Lawn, Ballincollig, Cork",-8.571940031168964,51.886990010685736,"Woodbine Lawn, Inniscarra View, Ballincollig ED, Cork, County Cork, Munster, P31 XH61, Éire / Ireland"
POINT (-8.500039981910987 51.87258001038458),"12 Milford, Cork",-8.500039981910987,51.87258001038458,"Elm Park, Inishkenny, Cork, County Cork, Munster, T12 VY33, Éire / Ireland"
POINT (-8.450660011009631 51.909219991373476),"11 Ashburton Row, Cork",-8.450660011009631,51.909219991373476,"Glen View, Gardiner's Hill, Montenotte, Montenotte A, Cork, County Cork, Munster, T23 HN40, Éire / Ireland"
POINT (-8.50439002202097 51.873179987013884),"47 Westbury Estate, Cork",-8.50439002202097,51.873179987013884,"Westbury Estate, Inishkenny, Cork, County Cork, Munster, T12 VY33, Éire / Ireland"
POINT (-8.57530000087587 51.88384000765339),"28 Highfield Avenue, Ballincollig, Cork",-8.57530000087587,51.88384000765339,"Ballincollig ED, Cork, County Cork, Munster, P31 XH61, Éire / Ireland"
POINT (-8.48463999502576 51.90146999987843),"4 City View Terrace, Cork",-8.48463999502576,51.90146999987843,"Upper Winters Hill, Sunday's Well B, Cork, County Cork, Munster, T23 TY7X, Éire / Ireland"
POINT (-8.45929999298383 51.90647001467016),"8 Marian Ville, Cork",-8.45929999298383,51.90647001467016,"1, Marian Ville, St. Patrick's C, Cork, County Cork, Munster, T23 T292, Éire / Ireland"
POINT (-8.458210010294891 51.90508000175706),"Pemberly, Alexandra Road, Cork",-8.458210010294891,51.90508000175706,"Alexandra Road, St. Patrick's C, Cork, County Cork, Munster, T23 T292, Éire / Ireland"
POINT (-8.451450005383919 51.90680001019817),"9 Ard Na Laoi, Montenotte, Cork",-8.451450005383919,51.90680001019817,"Montenotte, Montenotte A, Cork, County Cork, Munster, T23 HN40, Éire / Ireland"
POINT (-8.462289985484574 51.90655001993596),"21 Bellvue Terrace, Cork",-8.462289985484574,51.90655001993596,"181-185, Old Youghal Road, St. Patrick's B, Cork, County Cork, Munster, T23 XF95, Éire / Ireland"
POINT (-8.49595003225653 51.87115999025812),"3 Palmbury, Cork",-8.49595003225653,51.87115999025812,"Palmbury, Lehenagh, Cork, County Cork, Munster, T12 HX36, Éire / Ireland"
POINT (-8.457789993126767 51.882260018904816),"15 Heatherton Park, Cork",-8.457789993126767,51.882260018904816,"Heatherton Park, Tramore C, Cork, County Cork, Munster, T12 WV83, Éire / Ireland"
POINT (-8.475400036422258 51.91550000659913),"137 St Michaels Road, Farranree, Cork",-8.475400036422258,51.91550000659913,"Pophams Road, Farranferris A, Cork, County Cork, Munster, T23 AN20, Éire / Ireland"
POINT (-8.470780015210977 51.894180007229636),"4 Red Abbey Court, Cork",-8.470780015210977,51.894180007229636,"Bowling Green, White Street, South Parish, South Gate A, Cork, County Cork, Munster, T12 KD37, Éire / Ireland"
POINT (-8.590660027793419 51.88399504102605),"Distillery Court, Ballincollig, Cork",-8.590660027793419,51.88399504102605,"The Maltings, Ballincollig ED, Cork, County Cork, Munster, P31 V085, Éire / Ireland"
POINT (-8.615796703127275 51.88561685943076),"The Old Quarry, Ballincollig, Cork",-8.615796703127275,51.88561685943076,"West Village, Ballincollig ED, Cork, County Cork, Munster, P31 YK68, Éire / Ireland"
POINT (-8.481060000360515 51.88581998082148),"31 Clareville Estate, Cork",-8.481060000360515,51.88581998082148,"Clareville Estate, Pouladuff A, Cork, County Cork, Munster, T12 XF67, Éire / Ireland"
POINT (-8.372337065633237 51.87774944861152),"Rochestown Road, Rochestown, Cork",-8.372337065633237,51.87774944861152,"Rochestown Wood House, Rochestown Road, Garryduff, Douglas, Cork, County Cork, Munster, T12 WV08, Éire / Ireland"
POINT (-8.457309961531934 51.902480019211055),"Arcadia Hall, APARTMENT 1 Lower Glanmire Road, Cork",-8.457309961531934,51.902480019211055,"Arcadia Student Accommodation, Lower Glanmire Road, Victorian Quarter, St. Patrick's A, Cork, County Cork, Munster, T23 TK20, Éire / Ireland"
POINT (-8.501879977296056 51.89918999648614),"2 Lower View Ville, Cork",-8.501879977296056,51.89918999648614,"Lower View Ville, Hollyhill, Shanakiel, Cork, County Cork, Munster, T23 N250, Éire / Ireland"
POINT (-8.399309999999957 51.92694000000006),"Glanmire, Cork",-8.399309999999957,51.92694000000006,"Barnavarna Road, Rathcooney, Cork, County Cork, Munster, T45 HX28, Éire / Ireland"
POINT (-8.432170035518794 51.913970015902976),"318 Old Youghal Road, Mayfield, Cork",-8.432170035518794,51.913970015902976,"Saint John's Boys National School, Old Youghal Road, Mayfield, Cork, County Cork, Munster, T23 PY67, Éire / Ireland"
POINT (-8.580740023674792 51.893119989844564),"176 The Willows, Ballincollig, Cork",-8.580740023674792,51.893119989844564,"Ballincollig ED, Cork, County Cork, Munster, P31 T660, Éire / Ireland"
POINT (-8.473029969480365 51.86974998650595),"54 Alderbrook, Cork",-8.473029969480365,51.86974998650595,"Alderbrook, Lehenagh, Cork, County Cork, Munster, T12 KA99, Éire / Ireland"
POINT (-8.417479995832537 51.86276999854613),"55 An Radharc, Douglas, Cork",-8.417479995832537,51.86276999854613,"An Radharc, Maryborough Ridge, Douglas, Cork, County Cork, Munster, T12 D5RC, Éire / Ireland"
POINT (-8.517149999999958 51.879800000000046),Bishopstown,-8.517149999999958,51.879800000000046,"Permanent TSB, Curraheen Road, Bishopstown ED C, Cork, County Cork, Munster, T12 Y9KT, Éire / Ireland"
POINT (-8.511880006879522 51.88679001847598),"35 Laburnum Lawn, Cork",-8.511880006879522,51.88679001847598,"The Ridgeway, Bishopstown ED C, Cork, County Cork, Munster, T12 YK23, Éire / Ireland"
POINT (-8.372337065633237 51.87774944861152),"Rochestown Road, Rochestown, Cork",-8.372337065633237,51.87774944861152,"Rochestown Wood House, Rochestown Road, Garryduff, Douglas, Cork, County Cork, Munster, T12 WV08, Éire / Ireland"
POINT (-8.62721982467717 51.88273436463609),"24 Classes Lake, Ballincollig, Cork",-8.62721982467717,51.88273436463609,"The Oaks, Classes Lake, Ovens, Cork, County Cork, Munster, P31 AP58, Éire / Ireland"
POINT (-8.61758997133822 51.88105998182718),"14 Oldcourt, Ballincollig, Cork",-8.61758997133822,51.88105998182718,"Oldcourt, West Village, Ballincollig ED, Cork, County Cork, Munster, P31 VW82, Éire / Ireland"
POINT (-8.507629962874404 51.90368998884395),"48 Hollyville, Cork",-8.507629962874404,51.90368998884395,"Hollyville, Hollyhill, Shanakiel, Cork, County Cork, Munster, T23 N250, Éire / Ireland"
POINT (-8.491119960551686 51.9166600200891),"85 Bride Valley View, Cork",-8.491119960551686,51.9166600200891,"Bride Valley View, Fair Hill C, Cork, County Cork, Munster, T23 PY53, Éire / Ireland"
POINT (-8.43156997507046 51.91228998914002),"31 Byefield Park, Mayfield, Cork",-8.43156997507046,51.91228998914002,"Byefield Park, Mayfield, Montenotte B, Cork, County Cork, Munster, T23 AE78, Éire / Ireland"
POINT (-8.481699958667946 51.898159986314425),"Aras na H-Ollscoile, 10 Sheares Street, Cork",-8.481699958667946,51.898159986314425,"Woolshed Baa & Grill, Sheares Street, The Marsh, Centre B ED, Cork, County Cork, Munster, T12 CX7A, Éire / Ireland"
POINT (-8.454739986199286 51.88953999517929),"Bellair Close, 16 Bellair Estate, Cork",-8.454739986199286,51.88953999517929,"Our Lady Of Lourdes National School, Bellair Estate, Ballinlough ED B, Cork, County Cork, Munster, T12 FK7W, Éire / Ireland"
POINT (-8.457199990962266 51.906919997142126),"9 Mount View Terrace, Cork",-8.457199990962266,51.906919997142126,"9, Ballyhooly Road, Montenotte A, Cork, County Cork, Munster, T23 T292, Éire / Ireland"
POINT (-8.413619337110868 51.862959862029214),"17 The Oaks, Douglas, Cork",-8.413619337110868,51.862959862029214,"18, The Oaks, Maryborough Ridge, Douglas, Cork, County Cork, Munster, T12 D5RC, Éire / Ireland"
POINT (-8.507659970087786 51.8736100205563),"51 White Oaks, Cork",-8.507659970087786,51.8736100205563,"White Oaks, Inishkenny, Cork, County Cork, Munster, T12 VY33, Éire / Ireland"
POINT (-8.405639970864001 51.89372000838338),"18 Mahon Park, Mahon, Cork",-8.405639970864001,51.89372000838338,"Mahon Park, Mahon, Mahon B, Cork, County Cork, Munster, T12 Y180, Éire / Ireland"
POINT (-8.450000019953592 51.86864998744272),"45 Stockton Close, Douglas, Cork",-8.450000019953592,51.86864998744272,"Stockton Close, Frankfield, Lehenagh, Cork, County Cork, Munster, T12 HN2E, Éire / Ireland"
POINT (-8.478950023874148 51.89293998847387),"3 Sullivan's Lane, Cork",-8.478950023874148,51.89293998847387,"Sullivan's Lane, Greenmount, Cork, County Cork, Munster, T12 A0T3, Éire / Ireland"
POINT (-9.169299999999964 51.601500000000044),"Ballinlough, Skibbereen, Cork",-9.169299999999964,51.601500000000044,"Knockskagh, West Cork, County Cork, Munster, P81 YN96, Éire / Ireland"
POINT (-8.48712003253732 51.90979000269891),"19 Glengarriff Road, Cork",-8.48712003253732,51.90979000269891,"Glengarriff Road, Fair Hill B, Cork, County Cork, Munster, T23 W08N, Éire / Ireland"
POINT (-8.45322998634225 51.902940018057336),"4 Nelsons Terrace, Cork",-8.45322998634225,51.902940018057336,"Murphy's Garage, Lower Glanmire Road, Tivoli A, Cork, County Cork, Munster, T23 E6TD, Éire / Ireland"
POINT (-8.516600024195668 51.88005000440407),"Curraheen, Bishopstown Road, Cork",-8.516600024195668,51.88005000440407,"Spice of India, Bishopstown Road, Bishopstown ED C, Cork, County Cork, Munster, T12 Y9KT, Éire / Ireland"
POINT (-8.30356004103254 51.80178000209935),"3 Woodford, Cork",-8.30356004103254,51.80178000209935,"Woodford, Templebreedy, Municipal District of Carrigaline, County Cork, Munster, P43 AY66, Éire / Ireland"
POINT (-8.485220022725514 51.90842999699919),"19 Inniscarra Road, Cork",-8.485220022725514,51.90842999699919,"Inniscara Road, Churchfield, Fair Hill A, Cork, County Cork, Munster, T23 W08N, Éire / Ireland"
POINT (-8.398040015435782 51.88939000102198),"34 Inchera Lawn, Mahon, Cork",-8.398040015435782,51.88939000102198,"Inchera Lawn, Mahon, Mahon B, Cork, County Cork, Munster, T12 CA29, Éire / Ireland"
POINT (-8.482850039602653 51.90186000983317),"39 Blarney Street, Cork",-8.482850039602653,51.90186000983317,"Scoil Chimcille, Upper Cattle Market Street, North Parish, Shandon, Gurranabraher C, Cork, County Cork, Munster, T23 RHW2, Éire / Ireland"
POINT (-8.619140036692443 51.88566998666417),"3 The Lawn, Ballincollig, Cork",-8.619140036692443,51.88566998666417,"Wyndham Lawn, Classes Lake, Ballincollig ED, Cork, County Cork, Munster, P31 YK68, Éire / Ireland"
POINT (-8.488540010754264 51.890550014511945),"20 Denroches Cross, Cork",-8.488540010754264,51.890550014511945,"The Lough, Cork, County Cork, Munster, T12 PK63, Éire / Ireland"
POINT (-8.484769998344007 51.90140998545169),"4 Leeview Terrace, Cork",-8.484769998344007,51.90140998545169,"Leeview Terrace, Sunday's Well B, Cork, County Cork, Munster, T23 TY7X, Éire / Ireland"
POINT (-8.452600002499565 51.87924001919069),"50 Greenhills Court, Cork",-8.452600002499565,51.87924001919069,"Greenhills Court, Tramore C, Cork, County Cork, Munster, T12 WV83, Éire / Ireland"
POINT (-8.474149959382657 51.864969996672585),"131 Curragh Woods, Cork",-8.474149959382657,51.864969996672585,"Curragh Woods, Lehenagh, Cork, County Cork, Munster, T12 D899, Éire / Ireland"
POINT (-8.458560038571505 51.87056001362882),"94 East Avenue, Cork",-8.458560038571505,51.87056001362882,"Frankfield, Lehenagh, Cork, County Cork, Munster, T12 HN2E, Éire / Ireland"
POINT (-8.511399975284661 51.87731000216553),"81 Cardinal Court, Cork",-8.511399975284661,51.87731000216553,"Donscourt, Bishopstown, Bishopstown ED E, Cork, County Cork, Munster, T12 RR84, Éire / Ireland"
POINT (-8.393459975902658 51.87885998370072),"Sonata, APARTMENT 69 Harty's Quay, Cork",-8.393459975902658,51.87885998370072,"Harty's Quay, Rochestown, Douglas, Cork, County Cork, Munster, T12 ND82, Éire / Ireland"
POINT (-8.46582999847169 51.895000008817306),"Copley Hall, APARTMENT 1 Cotters Street, Cork",-8.46582999847169,51.895000008817306,"Copley House, Cotters Street, South Parish, South Gate A, Cork, County Cork, Munster, T12 CXN8, Éire / Ireland"
POINT (-8.630779985632188 51.88435000455209),"22 The Elms, Ballincollig, Cork",-8.630779985632188,51.88435000455209,"The Elms, Classes Lake, Ovens, Cork, County Cork, Munster, P31 PK65, Éire / Ireland"
POINT (-8.531159976744647 51.88568000303846),"6 Rosslee, Cork",-8.531159976744647,51.88568000303846,"Rosslee, Bishopstown ED C, Cork, County Cork, Munster, T12 HP29, Éire / Ireland"
POINT (-8.460990036121103 51.869130019037584),"63 West Avenue, Cork",-8.460990036121103,51.869130019037584,"Frankfield, Lehenagh, Cork, County Cork, Munster, T12 VFK5, Éire / Ireland"
POINT (-8.61328997119017 51.882530000006085),"42 The Lawn, Ballincollig, Cork",-8.61328997119017,51.882530000006085,"The Lawn, West Village, Ballincollig ED, Cork, County Cork, Munster, P31 VW82, Éire / Ireland"
POINT (-8.410399999999981 51.96714000000003),"Templeusque, Cork",-8.410399999999981,51.96714000000003,"Riverstown, Municipal District of Cobh, County Cork, Munster, T45 VK40, Éire / Ireland"
POINT (-8.385590039373199 51.92697001245196),"37 Rivergrove, Riverstown, Cork",-8.385590039373199,51.92697001245196,"Rivergrove, Caherlag ED, Cork, County Cork, Munster, T45 Y921, Éire / Ireland"
POINT (-8.540230034170776 51.87374999833935),"Clonbar House, Curraheen Road, Cork",-8.540230034170776,51.87374999833935,"Curraheen Rd (Cork Tech Park), Curraheen Road, Bishopstown ED, Cork, County Cork, Munster, T12 A710, Éire / Ireland"
POINT (-8.463114193649918 51.90158104144005),"1 Lower Glanmire Road, Cork",-8.463114193649918,51.90158104144005,"Saint Patrick's Catholic Church, Lower Glanmire Road, Victorian Quarter, St. Patrick's A, Cork, County Cork, Munster, T23 TK20, Éire / Ireland"
POINT (-8.437170008401012 51.89598999540135),"43 Lindville, Cork",-8.437170008401012,51.89598999540135,"Lindville, Docklands, Knockrea B, Cork, County Cork, Munster, T12 A436, Éire / Ireland"
POINT (-8.413239999999973 51.90044000000006),Cork,-8.413239999999973,51.90044000000006,"Marian Shrine, Blackrock Village, Blackrock, Mahon A, Cork, County Cork, Munster, T12 Y0EH, Éire / Ireland"
POINT (-8.4657399768316 51.867349996169736),"7 The Maples, Cork",-8.4657399768316,51.867349996169736,"The Maples, Lehenagh, Cork, County Cork, Munster, T12 KA99, Éire / Ireland"
POINT (-8.488719970215442 51.89026000066207),"7 Croghtamore Square, Cork",-8.488719970215442,51.89026000066207,"The Lough, Cork, County Cork, Munster, T12 PK63, Éire / Ireland"
POINT (-8.451069969893922 51.86337999154972),"24 Ard Field Green, Douglas, Cork",-8.451069969893922,51.86337999154972,"Ardfield Green, Ardfield, Lehenagh, Cork, County Cork, Munster, T12 HN2E, Éire / Ireland"
POINT (-8.502620015527413 51.905520009764246),"113 Harbour View Road, Knocknaheeny, Cork",-8.502620015527413,51.905520009764246,"107, Harbour View Road, Hollyhill / Knocknaheeny, Knocknaheeny, Cork, County Cork, Munster, T23 N250, Éire / Ireland"
POINT (-8.484000036718328 51.91955999094972),"Brideholm, APARTMENT 1 Commons Road, Cork",-8.484000036718328,51.91955999094972,"Fair Hill C, Cork, County Cork, Munster, T23 XN8R, Éire / Ireland"
POINT (-8.41080999999997 51.90552000000008),"Tivoli, Munster",-8.41080999999997,51.90552000000008,"Silver Grange House, Burke's Hill, Rathcooney, Cork, County Cork, Munster, T12 Y0EH, Éire / Ireland"
POINT (-8.483450016231956 51.89588999929646),"Lancaster Gate, 1 Western Road, Cork",-8.483450016231956,51.89588999929646,"Lancaster Gate, Lancaster Quay, Gillabbey A, Cork, County Cork, Munster, T12 CX7A, Éire / Ireland"
POINT (-8.391050011101669 51.817539991725965),"Coppins, Cork, Carrigaline, Cork",-8.391050011101669,51.817539991725965,"Cork Road Clinic, Cork Road, Carrigaline ED, Municipal District of Carrigaline, County Cork, Munster, P43 W921, Éire / Ireland"
POINT (-8.503359969939737 51.90209998372109),"15 Hollyhill Lane, Cork",-8.503359969939737,51.90209998372109,"28, Hollyhill Lane, Hollyhill, Shanakiel, Cork, County Cork, Munster, T23 N250, Éire / Ireland"
POINT (-8.513929968939124 51.87841000122876),"5 Bishopscourt Way, Cork",-8.513929968939124,51.87841000122876,"Bishopscourt Way, Bishopstown, Bishopstown ED E, Cork, County Cork, Munster, T12 RR84, Éire / Ireland"
POINT (-8.474091447736468 51.9129027980954),"34 Orchard Court, Cork",-8.474091447736468,51.9129027980954,"Orchard Court, Commons ED, Cork, County Cork, Munster, T23 XH61, Éire / Ireland"
POINT (-8.570379991349938 51.871790016010294),"Four Fountains, Ballinora, Cork",-8.570379991349938,51.871790016010294,"Curraheen Road, Ballincollig ED, Cork, County Cork, Munster, T12 CYC9, Éire / Ireland"
POINT (-8.473149998333838 51.90166999208819),"Camden Court, APARTMENT 1 Knapps Square, Cork",-8.473149998333838,51.90166999208819,"Knapp's Square Apartments, Knapp's Square, Shandon A, Cork, County Cork, Munster, T23 X72D, Éire / Ireland"
POINT (-8.60788561099433 51.894448249874685),"Coolyduff, Cork",-8.60788561099433,51.894448249874685,"R618, West Village, Carrigrohane Beg ED, Cork, County Cork, Munster, P31 F403, Éire / Ireland"
POINT (-8.849977343902957 51.6217400927134),"Ballintemple, Cork",-8.849977343902957,51.6217400927134,"Templeomalus, The Municipal District of Bandon – Kinsale, County Cork, Munster, P85 AD80, Éire / Ireland"
POINT (-8.609530017063747 51.88976999460243),"1 Peter O'Donovan Crescent, Ballincollig, Cork",-8.609530017063747,51.88976999460243,"Innishmore, West Village, Ballincollig ED, Cork, County Cork, Munster, P31 D256, Éire / Ireland"
POINT (-8.51441997499876 51.873639985860166),"229 Eagle Valley, Cork",-8.51441997499876,51.873639985860166,"Eagle Valley, Inishkenny, Cork, County Cork, Munster, T12 Y9KT, Éire / Ireland"
POINT (-8.44084999917115 51.88128998125032),"Kilbrin, Woodview, Cork",-8.44084999917115,51.88128998125032,"Woodview, Browningstown ED, Cork, County Cork, Munster, T12 K702, Éire / Ireland"
POINT (-8.474030014348244 51.892099996047136),"28 Tower Street, Cork",-8.474030014348244,51.892099996047136,"Tower Street, Evergreen, Cork, County Cork, Munster, T12 K765, Éire / Ireland"
POINT (-8.618616435084931 51.92043210999983),"Coolflugh, Cloghroe, Cork",-8.618616435084931,51.92043210999983,"Blarney Road, Tower, Cloghroe, Cork, County Cork, Munster, T23 YX51, Éire / Ireland"
POINT (-8.441800004077038 51.883189991062125),"20 Endsleigh Estate, Cork",-8.441800004077038,51.883189991062125,"Endsleigh Estate, Browningstown ED, Cork, County Cork, Munster, T12 K702, Éire / Ireland"
POINT (-8.503189984943333 51.885489985293475),"10 Sheares Park, Cork",-8.503189984943333,51.885489985293475,"Sheares' Park, Glasheen A, Cork, County Cork, Munster, T12 YK23, Éire / Ireland"
POINT (-8.398110004327322 51.92636001944837),"16 Heathervue, Glanmire, Cork",-8.398110004327322,51.92636001944837,"Heathervue, Rathcooney, Cork, County Cork, Munster, T45 XA50, Éire / Ireland"
POINT (-8.431739960066864 51.86956998513526),"7 Nutgrove Mews, Douglas, Cork",-8.431739960066864,51.86956998513526,"Nutgrove Mews, Castletreasure, Douglas, Cork, County Cork, Munster, T12 D5RC, Éire / Ireland"
POINT (-8.516600024195668 51.88005000440407),"Curraheen, Bishopstown Road, Cork",-8.516600024195668,51.88005000440407,"Spice of India, Bishopstown Road, Bishopstown ED C, Cork, County Cork, Munster, T12 Y9KT, Éire / Ireland"
POINT (-8.530000005164197 51.88103001652334),"Aisling, Rossa Avenue, Cork",-8.530000005164197,51.88103001652334,"241831, Rossa Avenue, Bishopstown ED C, Cork, County Cork, Munster, T12 HP29, Éire / Ireland"
POINT (-8.493850030234938 51.88538001472381),"5 Hillside Avenue, Cork",-8.493850030234938,51.88538001472381,"Hillside Avenue, Glasheen C, Cork, County Cork, Munster, T12 C8VW, Éire / Ireland"
POINT (-8.612599972920776 51.88525001140556),"5 Avoncourt, Ballincollig, Cork",-8.612599972920776,51.88525001140556,"5, Avoncourt, West Village, Ballincollig ED, Cork, County Cork, Munster, P31 VW82, Éire / Ireland"
POINT (-8.590660027793419 51.88399504102605),"Distillery Court, Ballincollig, Cork",-8.590660027793419,51.88399504102605,"The Maltings, Ballincollig ED, Cork, County Cork, Munster, P31 V085, Éire / Ireland"
POINT (-8.434299960934709 51.894620015236825),"8 Churchyard Lane, Cork",-8.434299960934709,51.894620015236825,"Churchyard Lane, Ballintemple, Mahon C, Cork, County Cork, Munster, T12 Y902, Éire / Ireland"
POINT (-8.433539973773776 51.87054999725453),"29 Ryecroft, Douglas, Cork",-8.433539973773776,51.87054999725453,"Ryecroft, Donnybrook, Douglas, Cork, County Cork, Munster, T12 D5RC, Éire / Ireland"
POINT (-8.50279997498859 51.872509979583555),"37 Pinewood, Cork",-8.50279997498859,51.872509979583555,"Elm Park, Inishkenny, Cork, County Cork, Munster, T12 VY33, Éire / Ireland"
POINT (-8.480089962706018 51.8927500126384),"71 Barrack Street, Cork",-8.480089962706018,51.8927500126384,"Broderick's, Barrack Street, Greenmount, Gillabbey A, Cork, County Cork, Munster, T12 A0T3, Éire / Ireland"
POINT (-8.4061800168856 51.87491998629409),"Loughmahon View, The Close, Cork",-8.4061800168856,51.87491998629409,"The Close, Rochestown, Douglas, Cork, County Cork, Munster, T12 CR23, Éire / Ireland"
POINT (-8.513970034436312 51.88587999524822),"15 Bishopstown Avenue, Cork",-8.513970034436312,51.88587999524822,"Bishopstown Avenue, Bishopstown ED C, Cork, County Cork, Munster, T12 YK23, Éire / Ireland"
POINT (-8.592599997572876 51.93106000401593),"4 Shournagh Drive, Cork",-8.592599997572876,51.93106000401593,"Shournagh Drive, Blarney ED, Cork, County Cork, Munster, T23 PW56, Éire / Ireland"
POINT (-8.483450016231956 51.89588999929646),"Lancaster Gate, 1 Western Road, Cork",-8.483450016231956,51.89588999929646,"Lancaster Gate, Lancaster Quay, Gillabbey A, Cork, County Cork, Munster, T12 CX7A, Éire / Ireland"
POINT (-8.434589974784558 51.909150002481965),"22 Iona Place, Mayfield, Cork",-8.434589974784558,51.909150002481965,"Iona Place, Mayfield, Montenotte B, Cork, County Cork, Munster, T23 AE78, Éire / Ireland"
POINT (-8.513515819679442 51.89622269077401),"Atkins Hall, Cork",-8.513515819679442,51.89622269077401,"Atkin's Hall, Lee Road, Hollyhill, Shanakiel, Cork, County Cork, Munster, T12 P680, Éire / Ireland"
POINT (-46.70024999999998 -23.605539999999962),River Towers,-46.70024999999998,-23.605539999999962,"Sul América Seguros, Rua São Paulo Antigo, Morumbi, São Paulo, Região Imediata de São Paulo, Região Metropolitana de São Paulo, Região Geográfica Intermediária de São Paulo, São Paulo, Região Sudeste, 05684-000, Brasil"
POINT (-8.567901577415407 51.940138219373566),"The Beeches, Knockacorbally, Cork",-8.567901577415407,51.940138219373566,"Blarney ED, Cork, County Cork, Munster, T23 FK28, Éire / Ireland"
POINT (-8.39654743575432 51.88172965649736),"The Haven, Cork",-8.39654743575432,51.88172965649736,"The Haven, Mahon, Mahon B, Cork, County Cork, Munster, T12 CA29, Éire / Ireland"
POINT (-8.517190026360197 51.88681000931504),"1 Highfield Lawn, Cork",-8.517190026360197,51.88681000931504,"Saint Catherine's Primary School, Highfield Lawn, Bishopstown ED C, Cork, County Cork, Munster, T12 Y9KT, Éire / Ireland"
POINT (-8.5537799673871 51.90388998105371),"Rosanna House, Rosanna, Cork",-8.5537799673871,51.90388998105371,"Prospect Hill, St. Mary's, Cork, County Cork, Munster, T23 A406, Éire / Ireland"
POINT (-8.434849981421081 51.90393000464138),"The Moorings, APARTMENT 1 Woodhill Park, Cork",-8.434849981421081,51.90393000464138,"The Moorings, Woodhill Park, Tivoli A, Cork, County Cork, Munster, T12 TX38, Éire / Ireland"
POINT (-8.62644000380601 51.88686998183226),"37 The Sycamores, Ballincollig, Cork",-8.62644000380601,51.88686998183226,"The Sycamores, Classes Lake, Ballincollig ED, Cork, County Cork, Munster, P31 AP58, Éire / Ireland"
POINT (-8.445670012592188 51.88701000152483),"55 Beechwood Park, Cork",-8.445670012592188,51.88701000152483,"Somerton Road / Park and Nursery Drive, Ballinlough, Ballinlough ED B, Cork, County Cork, Munster, T12 X789, Éire / Ireland"
POINT (-8.455269973937078 51.90859000753079),"34 Ballyhooly Road, Cork",-8.455269973937078,51.90859000753079,"Ballyhooley Road (Opp Kerrymans Pub), Ballyhooly Road, Montenotte A, Cork, County Cork, Munster, T23 T292, Éire / Ireland"
POINT (-8.397009999999966 51.94056000000006),"Sallybrook, Cork",-8.397009999999966,51.94056000000006,"Texaco, R639, Riverstown, Cork, County Cork, Munster, T45 RR67, Éire / Ireland"
POINT (-8.445589965416872 51.904689991802286),"1 The View, Montenotte, Cork",-8.445589965416872,51.904689991802286,"Monteville, Lover's Walk, Tivoli A, Cork, County Cork, Munster, T12 VC57, Éire / Ireland"
POINT (-8.50284004048578 51.89841999295095),"Inagh, 12 The Grove, Cork",-8.50284004048578,51.89841999295095,"The Grove, Hollyhill, Shanakiel, Cork, County Cork, Munster, T12 XF62, Éire / Ireland"
POINT (-8.47354000828858 51.865130007204186),"125 Curragh Woods, Cork",-8.47354000828858,51.865130007204186,"Curragh Woods, Lehenagh, Cork, County Cork, Munster, T12 D899, Éire / Ireland"
POINT (-8.415359961062364 51.89140999777774),"40 Cherry Lawn, Blackrock, Cork",-8.415359961062364,51.89140999777774,"Cherry Lawn, Blackrock, Mahon A, Cork, County Cork, Munster, T12 HY54, Éire / Ireland"
POINT (-8.512660026789007 51.88988998154639),"39 Farranlea Grove, Cork",-8.512660026789007,51.88988998154639,"Farranlea Grove, Bishopstown ED A, Cork, County Cork, Munster, Éire / Ireland"
POINT (-8.516040029244522 51.88855998306002),"68 Model Farm Road, Cork",-8.516040029244522,51.88855998306002,"Farranlea Park, Model Farm Road, Bishopstown ED C, Cork, County Cork, Munster, T12 R2NC, Éire / Ireland"
POINT (-8.470260001937987 51.90614001914213),"21 Lansdowne Court, Cork",-8.470260001937987,51.90614001914213,"San Antoine, 21, Landsdowne Court, Blackpool ED B, Cork, County Cork, Munster, T23 AK82, Éire / Ireland"
POINT (-8.576150009676894 51.88499997923384),"24 The Cloisters, Ballincollig, Cork",-8.576150009676894,51.88499997923384,"Ballincollig ED, Cork, County Cork, Munster, P31 XH61, Éire / Ireland"
POINT (-8.472919998910697 51.9021901943874),"Carroll's Quay, Cork",-8.472919998910697,51.9021901943874,"N20, Shandon A, Cork, County Cork, Munster, T23 X72D, Éire / Ireland"
POINT (-8.458100039725252 51.92351997919545),"20 Brookwood, Ballyvolane, Cork",-8.458100039725252,51.92351997919545,"Brockwood, St. Mary's, Cork, County Cork, Munster, T23 D215, Éire / Ireland"
POINT (-8.597810020948685 51.886459981038456),"25 Cherry Walk, Ballincollig, Cork",-8.597810020948685,51.886459981038456,"Cherrywalk, Muskerry, Ballincollig ED, Cork, County Cork, Munster, P31 EE04, Éire / Ireland"
POINT (-8.38051999378041 51.8799099847115),"The Lodge, Hop Island, Cork",-8.38051999378041,51.8799099847115,"Rochestown, Douglas, Cork, County Cork, Munster, T12 WV08, Éire / Ireland"
POINT (-8.399309999999957 51.92694000000006),"Glanmire, Cork",-8.399309999999957,51.92694000000006,"Barnavarna Road, Rathcooney, Cork, County Cork, Munster, T45 HX28, Éire / Ireland"
POINT (-8.423770027432482 51.8909300080924),"2 Rosegreen Avenue, Cork",-8.423770027432482,51.8909300080924,"Rosegreen Avenue, Mahon C, Cork, County Cork, Munster, T12 VHY0, Éire / Ireland"
POINT (-8.428654558760314 51.897904611353674),"Barrington's Avenue, Cork",-8.428654558760314,51.897904611353674,"Ardfoyle Convent, Barringtons Avenue, Ballintemple, Knockrea B, Cork, County Cork, Munster, T12 TX38, Éire / Ireland"
POINT (-8.55457999999993 51.85483000000005),"Waterfall, Cork",-8.55457999999993,51.85483000000005,"O'Sé, Waterfall Road, Inishkenny, Municipal District of Carrigaline, County Cork, Munster, T12 CYF2, Éire / Ireland"
POINT (-8.457309961531934 51.902480019211055),"Arcadia Hall, APARTMENT 1 Lower Glanmire Road, Cork",-8.457309961531934,51.902480019211055,"Arcadia Student Accommodation, Lower Glanmire Road, Victorian Quarter, St. Patrick's A, Cork, County Cork, Munster, T23 TK20, Éire / Ireland"
POINT (-8.437509978393791 51.87998001551256),"Douglas Wells, APARTMENT 13 Well Road, Douglas, Cork",-8.437509978393791,51.87998001551256,"Well Road, Browningstown ED, Cork, County Cork, Munster, T12 K702, Éire / Ireland"
POINT (-8.504149964314024 51.894369983065104),"5 Victoria Villas, Cork",-8.504149964314024,51.894369983065104,"1, Western Road, Bishopstown ED A, Cork, County Cork, Munster, T12 XF62, Éire / Ireland"
POINT (-8.483450016231956 51.89588999929646),"Lancaster Gate, 1 Western Road, Cork",-8.483450016231956,51.89588999929646,"Lancaster Gate, Lancaster Quay, Gillabbey A, Cork, County Cork, Munster, T12 CX7A, Éire / Ireland"
POINT (-8.494139960265784 51.90102999187121),"153 Blarney Street, Cork",-8.494139960265784,51.90102999187121,"Blarney Street, Gurranabraher B, Cork, County Cork, Munster, T23 A720, Éire / Ireland"
POINT (-8.504829988118644 51.90053998581158),"12 Briarscourt, Cork",-8.504829988118644,51.90053998581158,"Briarscourt, Hollyhill, Shanakiel, Cork, County Cork, Munster, T23 N250, Éire / Ireland"
POINT (-8.393480008651267 51.88259001443282),"68 Longshore Drive, Cork",-8.393480008651267,51.88259001443282,"63, Longshore Drive, Mahon, Mahon B, Cork, County Cork, Munster, T12 CA29, Éire / Ireland"
POINT (-8.515169987694918 51.89093998255717),"1 Farranlea Park, Cork",-8.515169987694918,51.89093998255717,"The Orchard, Bishopstown ED A, Cork, County Cork, Munster, T12 R2NC, Éire / Ireland"
POINT (-8.60736729380626 51.925336094772064),"Tower Cross, Cork",-8.60736729380626,51.925336094772064,"Tower Pizza, Blarney Road, Tower, Matehy, Cork, County Cork, Munster, T23 W968, Éire / Ireland"
POINT (-8.6146054889772 51.92813119259731),"Tower, Cork",-8.6146054889772,51.92813119259731,"Kerry Road, Tower, Cloghroe, Cork, County Cork, Munster, T23 YX51, Éire / Ireland"
POINT (-8.332980018264152 51.864390010882346),"1 Riverview Terrace, Monkstown, Cork",-8.332980018264152,51.864390010882346,"Monkstown Urban, Municipal District of Carrigaline, County Cork, Munster, T12 KT5N, Éire / Ireland"
POINT (-8.461839961103095 51.906780019359104),"Bellevue Court, APARTMENT 1 Old Youghal Road, Cork",-8.461839961103095,51.906780019359104,"Bellevue Court, Old Youghal Road, St. Patrick's C, Cork, County Cork, Munster, T23 T292, Éire / Ireland"
POINT (-8.474650023726127 51.89416001639057),"3 Abbey Street, Cork",-8.474650023726127,51.89416001639057,"Abbey Street, South Parish, South Gate A, Cork, County Cork, Munster, T12 ETF1, Éire / Ireland"
POINT (-8.395420000141229 51.94750001744717),"4 Cúil Chluthair, Sarsfieldscourt, Cork",-8.395420000141229,51.94750001744717,"Riverstown, Cork, County Cork, Munster, T45 RR67, Éire / Ireland"
POINT (-8.491929987674553 51.90361999995244),"228 Cathedral Road, Gurranebraher, Cork",-8.491929987674553,51.90361999995244,"228, Cathedral Road, Garranabraher, Churchfield ED, Cork, County Cork, Munster, T23 HK31, Éire / Ireland"
POINT (-8.392499996531996 51.87588998203907),"12 Manor Drive, Cork",-8.392499996531996,51.87588998203907,"Manor Drive, Rochestown, Douglas, Cork, County Cork, Munster, T12 ND82, Éire / Ireland"
POINT (-8.47676997467724 51.89513998660033),"Keyser's Court, APARTMENT 1 French's Quay, Cork",-8.47676997467724,51.89513998660033,"Frenches Quay (Sulls Electric Shop), French's Quay, South Gate B, Cork, County Cork, Munster, T12 H64V, Éire / Ireland"
POINT (-8.477770019545119 51.90242000478432),"6 Old Friary Place, Cork",-8.477770019545119,51.90242000478432,"6, Old Friary Place, Shandon B, Cork, County Cork, Munster, T23 KHA8, Éire / Ireland"
POINT (-8.481770031378488 51.888539992220956),"1 Parnell Terrace, Cork",-8.481770031378488,51.888539992220956,"Marian Park, Greenmount, Cork, County Cork, Munster, T12 XF67, Éire / Ireland"
POINT (-8.394939968546367 51.91824000883764),"The Cottage, Glanmire, Ballinglanna (Glanmire), Cork",-8.394939968546367,51.91824000883764,"Glanmire Chiropractic, Dunkettle Road, Caherlag ED, Cork, County Cork, Munster, T45 X924, Éire / Ireland"
POINT (-8.394939968546367 51.91824000883764),"The Cottage, Glanmire, Ballinglanna (Glanmire), Cork",-8.394939968546367,51.91824000883764,"Glanmire Chiropractic, Dunkettle Road, Caherlag ED, Cork, County Cork, Munster, T45 X924, Éire / Ireland"
POINT (-8.394939968546367 51.91824000883764),"The Cottage, Glanmire, Ballinglanna (Glanmire), Cork",-8.394939968546367,51.91824000883764,"Glanmire Chiropractic, Dunkettle Road, Caherlag ED, Cork, County Cork, Munster, T45 X924, Éire / Ireland"
POINT (-8.428310001468418 51.917300020306044),"41 Barnavara Crescent, Cork",-8.428310001468418,51.917300020306044,"Barnavara Crescent, Rathcooney, Cork, County Cork, Munster, T23 PY67, Éire / Ireland"
POINT (-8.503840001534599 51.871419996894616),"149 Elm Park, Cork",-8.503840001534599,51.871419996894616,"Elm Park, Inishkenny, Cork, County Cork, Munster, T12 VY33, Éire / Ireland"
POINT (-8.474729987082412 51.914469996427414),"1 Golden Villas, Cork",-8.474729987082412,51.914469996427414,"13, Commons Road, Commons ED, Cork, County Cork, Munster, T23 XH61, Éire / Ireland"
POINT (-8.48602996602935 51.91939000595332),"21 Hillview Drive, Onslow Gardens, Cork",-8.48602996602935,51.91939000595332,"Hillview Drive, Fair Hill C, Cork, County Cork, Munster, T23 XN8R, Éire / Ireland"
POINT (-8.472929973375471 51.89396999864559),"20 Mary Street, Cork",-8.472929973375471,51.89396999864559,"Nano Nagle, Abbey Street, South Parish, Evergreen, Cork, County Cork, Munster, T12 ETF1, Éire / Ireland"
POINT (-8.48362986908069 51.896777006337246),"Lancaster Quay, Cork",-8.48362986908069,51.896777006337246,"Lancaster Gate, Lancaster Quay, Gillabbey A, Cork, County Cork, Munster, T12 CX7A, Éire / Ireland"
POINT (-8.4641699625478 51.921000001915274),"56 Thorndale Estate, Cork",-8.4641699625478,51.921000001915274,"Thorndale Estate, St. Mary's, Cork, County Cork, Munster, T23 V5R6, Éire / Ireland"
POINT (-8.592961460750827 51.88119686823927),"Maglin, Ballincollig, Cork",-8.592961460750827,51.88119686823927,"Maglin, West Village, Ballincollig ED, Cork, County Cork, Munster, P31 V085, Éire / Ireland"
POINT (-8.455780012745322 51.9084999858907),"7 St Bridget's Villas, Cork",-8.455780012745322,51.9084999858907,"Ballyhooley Road (Opp Kerrymans Pub), Ballyhooly Road, Montenotte A, Cork, County Cork, Munster, T23 T292, Éire / Ireland"
POINT (-8.47351997554 51.91251998856316),"22 Orchard Court, Cork",-8.47351997554,51.91251998856316,"Orchard Court, Commons ED, Cork, County Cork, Munster, T23 XH61, Éire / Ireland"
POINT (-8.365802063304798 51.8702818810242),"Meadowlands, Cork",-8.365802063304798,51.8702818810242,"Douglas, Cork, County Cork, Munster, T12 FK84, Éire / Ireland"
POINT (-8.620579963838964 51.88589001162251),"33 Wyndham Downs, Ballincollig, Cork",-8.620579963838964,51.88589001162251,"Wyndham Downs, Classes Lake, Ballincollig ED, Cork, County Cork, Munster, P31 YK68, Éire / Ireland"
POINT (-8.485539959969714 51.90099998465786),"Altus, 14 Sunday's Well Road, Cork",-8.485539959969714,51.90099998465786,"Upper Panorama Terrace, Sunday's Well B, Cork, County Cork, Munster, T23 TY7X, Éire / Ireland"
POINT (-8.491550036003616 51.908260012002785),"8 Churchfield Place East, Cork",-8.491550036003616,51.908260012002785,"Churchfield Place East, Churchfield ED, Cork, County Cork, Munster, T23 W08N, Éire / Ireland"
POINT (-8.616469981435898 51.887569996475975),"65 Westcourt, Ballincollig, Cork",-8.616469981435898,51.887569996475975,"51, Westcourt, West Village, Ballincollig ED, Cork, County Cork, Munster, P31 YK68, Éire / Ireland"
POINT (-8.480569994300879 51.90171001567586),"North Abbey Hall, APARTMENT 1 North Abbey Street, Cork",-8.480569994300879,51.90171001567586,"Mick Barry TD - Solidarity The Left Alliance, North Abbey Street, Sunday's Well B, Cork, County Cork, Munster, T23 V2T0, Éire / Ireland"
POINT (-8.530239979052084 51.88233000779633),"Wayside, Rossa Avenue, Cork",-8.530239979052084,51.88233000779633,"Rossa Avenue, Bishopstown ED C, Cork, County Cork, Munster, T12 HP29, Éire / Ireland"
POINT (-8.57530000087587 51.88384000765339),"28 Highfield Avenue, Ballincollig, Cork",-8.57530000087587,51.88384000765339,"Ballincollig ED, Cork, County Cork, Munster, P31 XH61, Éire / Ireland"
POINT (-8.47426998823613 51.89480001660752),"12 Cove Street, Cork",-8.47426998823613,51.89480001660752,"Cove Street, South Parish, South Gate A, Cork, County Cork, Munster, T12 RCY9, Éire / Ireland"
POINT (-8.43946002816756 51.86508000915174),"1 James Connolly Place, Douglas, Cork",-8.43946002816756,51.86508000915174,"James Connolly Place, Donnybrook, Douglas, Cork, County Cork, Munster, T12 HVX5, Éire / Ireland"
POINT (-8.414290011122034 51.874389998556296),"14 Rochestown Rise, Cork",-8.414290011122034,51.874389998556296,"Rochestown Rise Bed and Breakfast, Rochestown Rise, Maryborough, Douglas, Cork, County Cork, Munster, T12 XK5R, Éire / Ireland"
POINT (-8.375151137943497 51.87754787863541),"Rochestown, Cork",-8.375151137943497,51.87754787863541,"Rochestown Road, Garryduff, Douglas, Cork, County Cork, Munster, T12 WV08, Éire / Ireland"
POINT (-8.475080015359026 51.91364002037497),"48 Commons Road, Cork",-8.475080015359026,51.91364002037497,"1-13, Commons Road, Commons ED, Cork, County Cork, Munster, T23 XH61, Éire / Ireland"
POINT (-8.484326623342511 51.88028257384014),"53 Lower Pouladuff Road, Cork",-8.484326623342511,51.88028257384014,"Sarahville Place, Pouladuff B, Cork, County Cork, Munster, T12 KA40, Éire / Ireland"
POINT (-8.474650023726127 51.89416001639057),"3 Abbey Street, Cork",-8.474650023726127,51.89416001639057,"Abbey Street, South Parish, South Gate A, Cork, County Cork, Munster, T12 ETF1, Éire / Ireland"
POINT (-8.48362986908069 51.896777006337246),"Lancaster Quay, Cork",-8.48362986908069,51.896777006337246,"Lancaster Gate, Lancaster Quay, Gillabbey A, Cork, County Cork, Munster, T12 CX7A, Éire / Ireland"
POINT (-8.446509963109406 51.90486999317298),"4 Clifton Villas, Montenotte, Cork",-8.446509963109406,51.90486999317298,"Middle Glanmire Road, Tivoli A, Cork, County Cork, Munster, T23 YHP1, Éire / Ireland"
POINT (-8.40258996393652 51.89011998096953),"14 Ballinure Cottages, Mahon, Cork",-8.40258996393652,51.89011998096953,"Ballinure Avenue, Mahon, Mahon B, Cork, County Cork, Munster, T12 Y180, Éire / Ireland"
POINT (-8.498039975994288 51.89774998552062),"Laurels, 53 Sunday's Well Road, Cork",-8.498039975994288,51.89774998552062,"Vikki's, Sunday's Well Road, Sunday's Well A, Cork, County Cork, Munster, T23 TY7X, Éire / Ireland"
POINT (-8.535220003004753 51.878069989326434),"47 Uam-Var Drive, Cork",-8.535220003004753,51.878069989326434,"50, Uam Var Drive, Bishopstown ED B, Cork, County Cork, Munster, T12 A710, Éire / Ireland"
POINT (-8.469539996455211 51.91509998027007),"7 Dublin Hill Lower, Cork",-8.469539996455211,51.91509998027007,"5-7, Middle Dublin Hill, The Glen B, Cork, County Cork, Munster, T23 D437, Éire / Ireland"
POINT (-8.498795392804201 51.88565975025226),"1A The Village, Cork",-8.498795392804201,51.88565975025226,"2, Glasheen Road, Glasheen C, Cork, County Cork, Munster, T12 DV56, Éire / Ireland"
POINT (-8.512253175166382 51.8515544949882),"Spur Hill, Cork",-8.512253175166382,51.8515544949882,"Inishkenny, Cork, County Cork, Munster, T12 EA21, Éire / Ireland"
POINT (-8.435929999999928 51.87721000000005),"Douglas, Cork",-8.435929999999928,51.87721000000005,"Eco, East Douglas Street, Douglas, Cork, County Cork, Munster, T12 YV08, Éire / Ireland"
POINT (-8.399520008079492 51.87434000050385),"Anglesea House, Lower Kensington, Cork",-8.399520008079492,51.87434000050385,"Kensington, Rochestown, Douglas, Cork, County Cork, Munster, T12 ND82, Éire / Ireland"
POINT (-8.483450016231956 51.89588999929646),"Lancaster Gate, 1 Western Road, Cork",-8.483450016231956,51.89588999929646,"Lancaster Gate, Lancaster Quay, Gillabbey A, Cork, County Cork, Munster, T12 CX7A, Éire / Ireland"
POINT (-8.455599969465112 51.89017999539627),"1 Dryden Place, Cork",-8.455599969465112,51.89017999539627,"Bean Brownie, Ballinlough Road, Ballinlough ED A, Cork, County Cork, Munster, T12 FK7W, Éire / Ireland"
POINT (-8.506509551035375 51.891017233604714),"Victoria Cross, Cork",-8.506509551035375,51.891017233604714,"victoria station, Victoria Cross Road, Bishopstown ED A, Cork, County Cork, Munster, T12 R2NC, Éire / Ireland"
POINT (-8.472568381077853 51.89900348238433),"Opera Lane, Cork",-8.472568381077853,51.89900348238433,"Specsavers, 2, Opera Lane, The Marsh, Centre B ED, Cork, County Cork, Munster, T12 CH98, Éire / Ireland"
POINT (-8.437654709489923 51.878676951825796),"Douglas Road, Douglas, Cork",-8.437654709489923,51.878676951825796,"Douglas Road, Tramore C, Cork, County Cork, Munster, T12 YV08, Éire / Ireland"
